order_id,courier_id,customer_name,customer_last_name,customer_email,customer_gender,customer_address,ip_address,order_created_at
1001,3,Thekla,Alliberton,talliberton0@businessweek.com,Female,26 Clemons Drive,221.13.174.136,5:03 AM
1002,76,Elyse,Broadbere,ebroadbere1@washington.edu,Female,29560 Beilfuss Way,10.179.96.122,7:28 AM
1003,47,Stefan,Ellingworth,sellingworth2@elegantthemes.com,Male,729 Holmberg Center,207.245.106.202,3:00 AM
1004,17,Lisetta,Salvage,lsalvage3@answers.com,Female,3750 Mcguire Trail,58.169.195.165,5:27 AM
1005,21,Keri,Iddenden,kiddenden4@washington.edu,Female,09 Westend Crossing,216.187.67.235,6:10 PM
1006,39,Carrie,Storrah,cstorrah5@digg.com,Female,1997 South Drive,71.178.89.18,1:14 PM
1007,93,Lyn,Barke,lbarke6@joomla.org,Male,3 La Follette Way,227.247.18.83,7:11 AM
1008,99,Michele,Briffett,mbriffett7@live.com,Female,6528 Hayes Center,207.147.223.144,10:47 PM
1009,85,Mirabella,Dunkirk,mdunkirk8@msu.edu,Female,7191 Coleman Drive,208.221.110.162,8:20 PM
1010,22,Lawry,Blint,lblint9@cdc.gov,Male,29716 Burrows Road,220.71.8.84,10:39 PM
1011,6,Shelley,Montfort,smontforta@shinystat.com,Male,19455 Butternut Street,127.215.251.197,9:41 PM
1012,36,Ervin,Alen,ealenb@theatlantic.com,Male,84498 Kingsford Hill,134.30.210.93,11:24 PM
1013,72,Adore,Larver,alarverc@bloglovin.com,Female,9607 Ilene Park,109.12.95.131,11:50 PM
1014,35,Ruddie,Swaton,rswatond@soup.io,Male,6 Sutherland Point,74.147.132.136,2:05 AM
1015,62,Norina,Goshawk,ngoshawke@creativecommons.org,Female,964 Hovde Place,150.196.176.105,1:06 AM
1016,62,Giovanna,Indgs,gindgsf@nydailynews.com,Female,990 Walton Junction,203.188.216.170,1:02 PM
1017,24,Vinson,Mapowder,vmapowderg@fda.gov,Male,065 Bluejay Circle,23.245.207.171,11:16 PM
1018,23,Marlo,Winnard,mwinnardh@elegantthemes.com,Male,637 Forest Court,199.36.234.115,4:52 PM
1019,78,Garrek,Dring,gdringi@upenn.edu,Male,217 Corry Lane,5.103.170.23,6:44 AM
1020,89,Corissa,Bellringer,cbellringerj@apache.org,Female,569 New Castle Drive,207.64.123.249,6:21 PM
1021,12,Marcelle,Barus,mbarusk@jimdo.com,Female,869 Knutson Center,152.233.237.38,6:33 AM
1022,49,Helli,Tredwell,htredwelll@opensource.org,Female,3 Luster Lane,47.100.24.39,3:22 AM
1023,78,Dane,Zanardii,dzanardiim@redcross.org,Male,20822 Moland Parkway,195.27.211.76,7:25 PM
1024,4,Anjanette,Gosenell,agosenelln@dropbox.com,Female,83 Rigney Court,54.95.80.193,12:03 AM
1025,61,Genny,Smeed,gsmeedo@amazon.com,Female,31 Spaight Avenue,165.9.191.178,11:09 PM
1026,18,Giraud,Chicken,gchickenp@wisc.edu,Male,21025 Schmedeman Point,11.225.97.95,1:19 AM
1027,93,Neda,Pashby,npashbyq@bloglovin.com,Female,069 Rowland Way,130.59.47.155,1:58 PM
1028,10,Ewart,Fitchett,efitchettr@yale.edu,Male,703 Stoughton Place,5.83.188.211,4:20 AM
1029,49,Rogers,Papis,rpapiss@google.com.au,Male,380 Elgar Avenue,190.107.121.126,5:35 AM
1030,66,Morrie,Lethcoe,mlethcoet@gravatar.com,Male,7 Crest Line Crossing,184.179.116.205,4:44 PM
1031,87,Jule,Houlaghan,jhoulaghanu@github.com,Male,9 Stephen Way,186.10.169.5,10:23 AM
1032,7,Verne,Haxell,vhaxellv@nationalgeographic.com,Male,44 Waubesa Center,77.86.19.71,12:16 AM
1033,37,Walton,Pocock,wpocockw@fema.gov,Male,5 Clyde Gallagher Hill,248.131.248.57,9:27 AM
1034,21,Bay,Drains,bdrainsx@ca.gov,Male,1 Towne Way,230.118.182.79,3:26 AM
1035,49,Garald,Doddridge,gdoddridgey@gov.uk,Male,2722 Hoepker Alley,132.214.231.142,5:13 PM
1036,62,Kort,Urling,kurlingz@shutterfly.com,Male,6468 Esch Road,131.140.184.94,9:49 PM
1037,71,Laryssa,MacPaike,lmacpaike10@t.co,Female,444 Utah Park,242.98.92.35,10:26 PM
1038,81,Lynnette,Alger,lalger11@wisc.edu,Female,4 Swallow Crossing,247.160.68.170,11:34 PM
1039,99,Eliot,Maggiori,emaggiori12@ox.ac.uk,Male,4448 Manitowish Alley,163.81.2.96,10:07 AM
1040,39,Graig,Stebles,gstebles13@vinaora.com,Male,3 Columbus Center,13.70.234.82,9:29 PM
1041,51,Kelly,Barta,kbarta14@foxnews.com,Female,3677 Superior Way,9.91.114.146,11:39 PM
1042,46,Maribelle,Chaplin,mchaplin15@blogger.com,Female,1 Warbler Park,158.99.238.2,1:31 PM
1043,59,Rosanne,Jancar,rjancar16@geocities.com,Female,41 Golf Course Parkway,126.92.59.149,8:18 PM
1044,13,Camel,Defond,cdefond17@ucla.edu,Female,23 Macpherson Court,45.154.144.115,4:01 PM
1045,58,Celeste,Bodycomb,cbodycomb18@sogou.com,Female,648 Marquette Avenue,49.213.90.228,2:56 PM
1046,2,Jandy,Caitlin,jcaitlin19@reverbnation.com,Female,8031 Onsgard Alley,253.231.229.144,12:48 AM
1047,58,Teddi,Woods,twoods1a@hugedomains.com,Female,954 Roxbury Junction,251.20.201.14,1:25 AM
1048,59,Marjie,Bowgen,mbowgen1b@sitemeter.com,Female,70390 Reindahl Way,169.166.133.186,2:53 PM
1049,80,Maxy,Fellgett,mfellgett1c@admin.ch,Male,517 Heath Park,48.123.81.59,10:32 AM
1050,2,Marleah,Brack,mbrack1d@blogs.com,Female,4137 Gateway Plaza,166.91.192.94,10:07 AM
1051,18,Wallis,Summersby,wsummersby1e@constantcontact.com,Female,50264 Harper Pass,165.122.152.132,11:01 PM
1052,77,Kristen,Craig,kcraig1f@phpbb.com,Female,37975 Sutteridge Circle,43.147.233.101,10:16 AM
1053,30,Thatch,Quincey,tquincey1g@163.com,Male,20926 Buhler Parkway,128.35.40.214,2:16 AM
1054,23,Gabbie,Kondratyuk,gkondratyuk1h@shop-pro.jp,Female,8 Canary Drive,43.222.35.215,6:44 PM
1055,2,Inglis,Symson,isymson1i@ox.ac.uk,Male,3 Longview Road,5.78.27.7,5:59 PM
1056,8,Florette,Mizzen,fmizzen1j@edublogs.org,Female,241 Loftsgordon Circle,33.105.245.69,10:14 PM
1057,29,Stafford,Gorse,sgorse1k@google.it,Male,29 Monterey Hill,169.109.144.195,3:25 AM
1058,82,Olivia,Parvin,oparvin1l@nydailynews.com,Female,12753 Iowa Circle,112.215.88.200,1:31 PM
1059,35,Kinsley,Drowsfield,kdrowsfield1m@scientificamerican.com,Male,1394 Division Drive,152.190.216.139,3:50 PM
1060,21,Shirline,Ingledew,singledew1n@pcworld.com,Female,475 Wayridge Street,27.80.210.182,10:42 PM
1061,67,Sinclare,Pallent,spallent1o@phoca.cz,Male,7 Gateway Court,187.137.182.166,2:40 AM
1062,50,Josey,Sorensen,jsorensen1p@acquirethisname.com,Female,04 Washington Crossing,245.88.188.152,3:37 AM
1063,32,Emili,Kitchiner,ekitchiner1q@deviantart.com,Female,9 Lyons Crossing,143.202.174.67,10:49 PM
1064,63,Evin,Blase,eblase1r@acquirethisname.com,Male,6 Declaration Way,8.57.130.46,1:38 PM
1065,48,Farlee,Chafer,fchafer1s@gmpg.org,Male,4 Coolidge Court,91.66.179.99,8:37 AM
1066,4,Had,Learoyd,hlearoyd1t@last.fm,Male,8138 Rutledge Alley,187.117.40.192,10:46 PM
1067,61,Bette-ann,Turner,bturner1u@harvard.edu,Female,38212 Northwestern Avenue,7.43.94.110,1:42 AM
1068,90,Odelia,Leyman,oleyman1v@chron.com,Female,19904 7th Avenue,67.94.132.42,4:43 AM
1069,19,Alameda,Dedrick,adedrick1w@odnoklassniki.ru,Female,1855 Butternut Alley,214.203.173.183,6:40 PM
1070,70,Benyamin,Magwood,bmagwood1x@phoca.cz,Male,68337 Starling Road,194.241.32.11,1:10 PM
1071,75,Drusie,Liversage,dliversage1y@over-blog.com,Female,0728 Welch Crossing,230.70.131.203,4:49 AM
1072,80,Jammie,Rollin,jrollin1z@ezinearticles.com,Female,31 Garrison Plaza,178.101.50.107,12:27 PM
1073,19,Westbrooke,Sorrell,wsorrell20@nature.com,Male,068 Fulton Junction,90.190.77.180,6:05 PM
1074,37,Belva,Rhule,brhule21@xrea.com,Female,1 Little Fleur Way,84.198.162.123,9:58 AM
1075,94,Lodovico,Samper,lsamper22@toplist.cz,Male,286 Killdeer Crossing,52.236.193.56,5:13 PM
1076,32,Alethea,de Guise,adeguise23@virginia.edu,Female,4 Springview Circle,143.31.222.69,1:29 PM
1077,51,Dori,Pantling,dpantling24@mail.ru,Female,48011 Basil Point,131.100.107.169,8:35 PM
1078,77,Jocelyne,Carrane,jcarrane25@blog.com,Female,0 Prentice Center,121.6.139.16,5:58 PM
1079,49,Raynard,Wyllcocks,rwyllcocks26@blogspot.com,Male,13972 7th Place,158.187.200.100,8:13 PM
1080,98,Stepha,Dampier,sdampier27@intel.com,Female,61 Dawn Street,121.30.198.135,9:56 AM
1081,75,Victor,Le Maitre,vlemaitre28@hugedomains.com,Male,52 Anthes Plaza,243.161.252.125,6:51 PM
1082,58,Ethyl,Ragate,eragate29@squidoo.com,Female,46 Jana Road,198.27.231.237,1:40 AM
1083,68,Elia,Mackie,emackie2a@mit.edu,Male,9946 Cascade Street,101.125.152.193,7:18 AM
1084,45,Anna,Hawtrey,ahawtrey2b@thetimes.co.uk,Female,9301 Welch Center,226.39.19.44,7:07 PM
1085,97,Brit,Livsey,blivsey2c@cdc.gov,Female,4130 Kingsford Trail,115.82.242.99,5:21 PM
1086,22,Colly,Celloni,ccelloni2d@shutterfly.com,Female,08 Shasta Hill,223.246.98.157,6:43 AM
1087,42,Richy,Heak,rheak2e@i2i.jp,Male,9 Ryan Trail,97.219.116.38,7:41 PM
1088,92,Faydra,Clarke-Williams,fclarkewilliams2f@mail.ru,Female,77 Sheridan Park,186.209.211.82,6:07 PM
1089,12,Michaela,Kestin,mkestin2g@ed.gov,Female,41 Morrow Court,221.40.24.41,8:36 AM
1090,3,Ulrick,Drummond,udrummond2h@tamu.edu,Male,6630 Novick Junction,187.79.62.245,8:42 PM
1091,86,Swen,Probbin,sprobbin2i@artisteer.com,Male,58535 Pierstorff Trail,161.201.196.156,11:22 PM
1092,85,Herbert,De Winton,hdewinton2j@house.gov,Male,9 Sage Drive,64.240.193.173,9:11 AM
1093,30,Natasha,Hugk,nhugk2k@newsvine.com,Female,97668 Ridgeview Center,64.165.161.90,4:17 AM
1094,96,Israel,Glasard,iglasard2l@sfgate.com,Male,4 Blackbird Terrace,94.247.79.146,3:05 AM
1095,11,Isidro,Lacrouts,ilacrouts2m@woothemes.com,Male,58331 Milwaukee Hill,11.4.246.17,6:03 PM
1096,78,Adoree,Pisculli,apisculli2n@shop-pro.jp,Female,957 Mcbride Avenue,132.91.8.123,10:18 PM
1097,52,Bobbye,Ingreda,bingreda2o@npr.org,Female,77 Tennyson Alley,25.90.89.192,11:20 PM
1098,1,Dreddy,Cross,dcross2p@linkedin.com,Female,24 Manufacturers Hill,101.215.157.149,12:15 AM
1099,39,Noell,Gilley,ngilley2q@homestead.com,Female,58 Raven Junction,129.148.48.100,4:12 AM
1100,22,Maximilien,Brayley,mbrayley2r@ehow.com,Male,4 Annamark Street,149.253.87.63,1:59 AM
1101,25,Roger,Dore,rdore2s@elegantthemes.com,Male,02 Morning Crossing,49.111.137.199,4:36 PM
1102,14,Jarrod,Bonafacino,jbonafacino2t@dion.ne.jp,Male,414 Almo Crossing,238.198.28.13,7:07 AM
1103,41,Baird,Zeal,bzeal2u@macromedia.com,Male,817 Kim Hill,141.50.183.29,9:07 AM
1104,37,Kirstin,Pietrusiak,kpietrusiak2v@epa.gov,Female,23 Shelley Alley,82.211.33.9,5:56 AM
1105,9,Odetta,Scole,oscole2w@cisco.com,Female,64 Little Fleur Parkway,170.71.5.102,8:30 AM
1106,38,Modestine,Phillcock,mphillcock2x@buzzfeed.com,Female,6 Washington Trail,255.247.204.21,9:12 PM
1107,52,Othilie,Gelletly,ogelletly2y@posterous.com,Female,49880 Vera Road,46.27.224.128,12:27 PM
1108,17,Maurene,Clewarth,mclewarth2z@nyu.edu,Female,9362 Eagan Alley,5.213.155.83,3:51 PM
1109,7,Noak,Lambswood,nlambswood30@walmart.com,Male,64213 Sunfield Junction,142.162.123.181,9:16 PM
1110,38,Carolyn,Tompkiss,ctompkiss31@g.co,Female,70499 Rowland Crossing,211.120.16.210,11:48 PM
1111,36,Desmund,Wennam,dwennam32@wired.com,Male,302 Messerschmidt Drive,141.146.125.153,10:18 PM
1112,87,Hurleigh,Petrolli,hpetrolli33@nature.com,Male,3405 Acker Place,157.8.46.59,11:43 AM
1113,60,Kathye,Napier,knapier34@studiopress.com,Female,72 Dwight Circle,101.220.102.147,3:13 AM
1114,26,Ernaline,Rees,erees35@devhub.com,Female,3953 Brickson Park Terrace,196.220.228.212,4:20 AM
1115,38,Ken,Lippitt,klippitt36@amazonaws.com,Male,36 Elgar Pass,131.22.101.249,8:32 AM
1116,60,Berk,Waterman,bwaterman37@boston.com,Male,45469 Tomscot Center,215.35.7.145,10:25 PM
1117,37,Neil,Plet,nplet38@huffingtonpost.com,Male,7754 Carpenter Circle,173.129.78.90,7:19 AM
1118,22,Inessa,Minchinton,iminchinton39@twitpic.com,Female,8940 Darwin Parkway,218.238.246.84,1:28 AM
1119,78,Hewitt,Payfoot,hpayfoot3a@cyberchimps.com,Male,38 Trailsway Trail,45.219.62.202,8:49 PM
1120,31,Glennie,Rivitt,grivitt3b@zdnet.com,Female,274 Cascade Alley,215.65.209.128,3:29 AM
1121,69,Alaine,Potell,apotell3c@barnesandnoble.com,Female,9113 Iowa Center,71.92.24.146,9:02 AM
1122,46,Kelsey,Peinke,kpeinke3d@engadget.com,Female,3297 Golf Park,11.201.11.12,7:59 PM
1123,82,Bree,Stobart,bstobart3e@stumbleupon.com,Female,70132 Kinsman Pass,242.122.93.205,10:02 PM
1124,6,Willem,Bomb,wbomb3f@opensource.org,Male,269 Shasta Crossing,108.127.233.5,4:02 AM
1125,10,Keelby,MacHarg,kmacharg3g@biblegateway.com,Male,9 Magdeline Hill,49.222.226.252,4:36 PM
1126,90,Hilary,Antoniutti,hantoniutti3h@mozilla.org,Male,086 North Center,116.69.202.175,10:15 PM
1127,93,Mike,Gianulli,mgianulli3i@census.gov,Male,7 Kim Avenue,184.69.224.173,7:06 PM
1128,63,Steffi,McAlees,smcalees3j@utexas.edu,Female,1 Johnson Drive,168.167.121.51,7:40 PM
1129,52,Kevin,Echlin,kechlin3k@princeton.edu,Male,5 Hanover Parkway,63.245.119.13,1:51 PM
1130,80,Pat,Wharf,pwharf3l@exblog.jp,Female,4578 Manley Place,219.223.105.206,10:58 PM
1131,73,Randy,Espie,respie3m@illinois.edu,Female,5 Orin Junction,119.218.144.209,3:47 AM
1132,96,Moises,Seabert,mseabert3n@dot.gov,Male,07451 Sunnyside Avenue,139.150.29.7,6:44 PM
1133,15,Inga,Jahner,ijahner3o@vistaprint.com,Female,77755 Packers Pass,4.126.87.103,7:48 PM
1134,98,Ellis,Gilberthorpe,egilberthorpe3p@hexun.com,Male,57442 Park Meadow Circle,115.140.0.14,4:53 AM
1135,70,Carline,Cohani,ccohani3q@ning.com,Female,84333 Knutson Lane,191.125.106.196,7:24 PM
1136,84,Chery,Fountian,cfountian3r@sakura.ne.jp,Female,02 Hansons Road,117.92.184.97,1:22 PM
1137,59,Bria,Christou,bchristou3s@weebly.com,Female,47 Sloan Point,233.182.203.44,3:44 PM
1138,33,Gibb,Oakton,goakton3t@blogs.com,Male,6 Michigan Junction,136.51.13.99,1:01 PM
1139,81,Arlan,Hug,ahug3u@netscape.com,Male,09129 Clove Lane,80.232.53.45,10:55 AM
1140,71,Lillis,Feldhorn,lfeldhorn3v@elpais.com,Female,1493 Continental Junction,228.39.133.3,1:42 PM
1141,43,Horacio,Dagwell,hdagwell3w@time.com,Male,101 North Parkway,230.239.193.94,4:35 PM
1142,95,Michele,Hamelyn,mhamelyn3x@fema.gov,Male,28 Loomis Street,129.179.60.34,12:32 AM
1143,84,Brett,McRill,bmcrill3y@time.com,Male,6 Oakridge Avenue,128.167.55.125,9:41 AM
1144,11,Yankee,Shalcras,yshalcras3z@pinterest.com,Male,70 Bartelt Point,131.37.106.102,12:32 PM
1145,18,Adrian,Clem,aclem40@mail.ru,Female,5101 Clarendon Park,24.72.48.190,10:47 AM
1146,28,Prentice,Tayler,ptayler41@ask.com,Male,89 Eastwood Plaza,1.0.70.43,9:13 PM
1147,44,Cathie,Hannon,channon42@gravatar.com,Female,2754 Elmside Plaza,131.164.76.211,2:29 PM
1148,24,Alonso,Sawkin,asawkin43@skype.com,Male,9 Eagle Crest Road,89.243.55.207,6:00 PM
1149,28,Alphonse,Spurdens,aspurdens44@pcworld.com,Male,9605 Morrow Terrace,253.30.46.149,9:17 AM
1150,47,Nobie,Beinisch,nbeinisch45@patch.com,Male,45884 Almo Plaza,189.5.108.6,8:18 PM
1151,82,Branden,Culley,bculley46@linkedin.com,Male,6 Waubesa Pass,72.192.228.82,1:35 PM
1152,45,Idell,Giordano,igiordano47@google.cn,Female,26 Division Avenue,58.239.150.254,4:15 PM
1153,96,Egon,Delea,edelea48@rakuten.co.jp,Male,7014 Northwestern Alley,6.227.25.118,9:45 PM
1154,41,Ricardo,Weatherhogg,rweatherhogg49@nyu.edu,Male,0311 Westerfield Road,127.248.192.65,4:45 AM
1155,75,Krissie,Havis,khavis4a@nymag.com,Female,141 Blackbird Plaza,191.121.27.98,1:58 AM
1156,58,Pepi,Kissack,pkissack4b@ebay.com,Female,104 Shopko Way,133.170.70.16,4:21 PM
1157,42,Billi,Rustich,brustich4c@ameblo.jp,Female,4 Ridge Oak Lane,224.218.204.9,5:22 PM
1158,81,Rosalind,Fenck,rfenck4d@prweb.com,Female,4647 Blackbird Hill,103.174.175.86,6:01 PM
1159,23,Dorotea,Brezlaw,dbrezlaw4e@usa.gov,Female,725 Florence Park,130.178.159.94,1:02 PM
1160,44,Cassius,Pittman,cpittman4f@shop-pro.jp,Male,37 Erie Lane,127.25.179.20,10:07 AM
1161,63,Marlo,Drowsfield,mdrowsfield4g@blogtalkradio.com,Male,79591 Alpine Terrace,170.76.124.114,1:35 AM
1162,59,Lalo,Lumly,llumly4h@slideshare.net,Male,57747 Porter Pass,152.135.241.61,5:27 PM
1163,60,Pip,Lawful,plawful4i@wordpress.com,Male,310 Dwight Hill,248.49.85.153,8:28 AM
1164,35,Chrotoem,Ginger,cginger4j@nba.com,Male,7779 Haas Road,1.73.24.98,8:32 AM
1165,11,Dorelia,Mc Carroll,dmccarroll4k@google.it,Female,07 Mariners Cove Hill,68.4.47.39,3:18 PM
1166,36,Meridel,Haddleston,mhaddleston4l@aol.com,Female,40 Sunbrook Lane,159.124.18.155,1:51 AM
1167,2,Eal,Jermin,ejermin4m@cpanel.net,Male,29981 Straubel Hill,25.153.125.164,6:59 PM
1168,48,Alysia,Minnis,aminnis4n@aol.com,Female,4 Kensington Hill,203.233.195.58,6:58 AM
1169,39,Keelia,Bargery,kbargery4o@fc2.com,Female,4851 Chinook Park,108.6.237.188,10:42 AM
1170,31,Justus,Whilder,jwhilder4p@ted.com,Male,5506 Alpine Alley,45.104.155.151,2:47 PM
1171,44,Cort,Domonkos,cdomonkos4q@nationalgeographic.com,Male,883 Independence Crossing,130.39.167.190,4:20 PM
1172,62,Blaine,Byway,bbyway4r@google.co.uk,Male,2547 Macpherson Drive,116.146.165.100,5:45 PM
1173,2,Fulvia,Allward,fallward4s@posterous.com,Female,7 Sutherland Drive,130.100.25.73,7:29 AM
1174,77,Darryl,Joris,djoris4t@freewebs.com,Female,7 Continental Center,117.96.160.241,8:40 PM
1175,18,Mervin,Kitter,mkitter4u@oakley.com,Male,2217 Bayside Place,91.152.50.136,1:51 AM
1176,72,Beatrisa,Wishkar,bwishkar4v@princeton.edu,Female,2 American Crossing,218.208.38.23,9:25 PM
1177,58,Sibella,Yerrall,syerrall4w@home.pl,Female,9120 Sunnyside Avenue,45.23.172.182,3:33 AM
1178,100,Rossy,Stiddard,rstiddard4x@networkadvertising.org,Male,92765 Birchwood Crossing,163.93.4.252,5:01 PM
1179,81,Tommie,Fruish,tfruish4y@home.pl,Male,520 Golden Leaf Court,68.19.148.127,2:10 PM
1180,66,Lois,Fussey,lfussey4z@bluehost.com,Female,8 Scoville Hill,89.121.235.137,5:39 PM
1181,43,Dix,Klaaasen,dklaaasen50@europa.eu,Female,809 Grayhawk Pass,193.117.13.235,8:01 PM
1182,36,Gabrielle,Toms,gtoms51@dyndns.org,Female,51 Farragut Parkway,164.187.25.94,9:31 AM
1183,46,Carce,Heaslip,cheaslip52@accuweather.com,Male,444 Summerview Pass,244.189.184.7,3:54 PM
1184,15,Chrissie,Blooman,cblooman53@ftc.gov,Male,613 Ridge Oak Terrace,52.184.165.117,1:46 PM
1185,18,Bing,Blakden,bblakden54@google.com.hk,Male,18 Sheridan Drive,254.23.134.184,7:36 PM
1186,75,Berke,Hayes,bhayes55@reference.com,Male,6691 Pearson Junction,92.170.58.209,7:26 AM
1187,2,Dominique,Cunnah,dcunnah56@amazon.com,Male,32835 Meadow Valley Plaza,213.184.0.76,12:50 PM
1188,29,Binky,Lokier,blokier57@phoca.cz,Male,745 Evergreen Pass,197.78.194.22,12:47 AM
1189,5,Vinita,Kittel,vkittel58@gnu.org,Female,839 Marquette Alley,177.156.225.142,2:43 AM
1190,100,Zia,Page,zpage59@ameblo.jp,Female,1 Mitchell Pass,141.6.119.32,10:51 AM
1191,14,Emmeline,Rodnight,erodnight5a@typepad.com,Female,78478 Becker Terrace,81.213.23.57,11:09 PM
1192,15,Sosanna,Pemberton,spemberton5b@irs.gov,Female,039 Laurel Avenue,187.119.253.239,6:27 PM
1193,11,Justin,O'Gormley,jogormley5c@bbc.co.uk,Male,5161 Hagan Plaza,86.139.133.159,1:16 AM
1194,66,Jae,Aarons,jaarons5d@discovery.com,Male,19042 Farmco Point,37.56.220.27,8:45 AM
1195,16,Alfie,Fillan,afillan5e@about.com,Female,0 Mesta Point,23.135.70.130,3:37 PM
1196,18,Lela,Syred,lsyred5f@ycombinator.com,Female,17173 Jenna Center,211.233.234.164,6:14 AM
1197,54,Pattie,Antonioni,pantonioni5g@1und1.de,Female,581 Hovde Lane,116.181.215.85,5:35 AM
1198,22,Bastian,Jotcham,bjotcham5h@webnode.com,Male,928 Banding Avenue,230.116.88.128,11:35 PM
1199,23,Libby,Kenway,lkenway5i@addtoany.com,Female,04959 Eastlawn Court,206.60.111.110,1:53 PM
1200,53,Hasty,Legrice,hlegrice5j@typepad.com,Male,50215 Iowa Terrace,157.232.187.201,5:56 PM
1201,51,Konrad,Crissil,kcrissil5k@freewebs.com,Male,05594 Armistice Avenue,13.177.191.84,8:54 PM
1202,70,Harlin,Whiteside,hwhiteside5l@odnoklassniki.ru,Male,193 Waywood Parkway,111.233.70.45,4:57 AM
1203,42,Omar,Overstall,ooverstall5m@oakley.com,Male,12882 Sunnyside Place,166.217.219.143,11:21 PM
1204,54,Manfred,Mandy,mmandy5n@netlog.com,Male,5237 Londonderry Lane,72.175.38.23,4:13 PM
1205,67,Osgood,Marquet,omarquet5o@vk.com,Male,45377 La Follette Way,78.136.240.49,9:59 PM
1206,68,Hillary,Devany,hdevany5p@comcast.net,Male,68498 Fulton Park,234.71.205.159,11:15 AM
1207,47,Garvey,Luppitt,gluppitt5q@ucoz.ru,Male,62 Randy Terrace,92.155.190.87,4:14 AM
1208,66,Melicent,Petrussi,mpetrussi5r@google.it,Female,0708 Sullivan Parkway,8.97.248.90,3:47 AM
1209,2,Rodge,Gianasi,rgianasi5s@vinaora.com,Male,01382 Bluejay Crossing,9.87.81.85,6:41 AM
1210,51,Jacquelin,Goodoune,jgoodoune5t@about.com,Female,325 Dexter Court,174.206.23.67,6:45 PM
1211,87,Wit,Poley,wpoley5u@furl.net,Male,069 Judy Lane,93.209.75.25,3:00 AM
1212,33,Lori,Matteris,lmatteris5v@posterous.com,Female,746 Becker Park,178.233.237.68,9:56 AM
1213,83,Vina,Ackroyd,vackroyd5w@thetimes.co.uk,Female,8058 Forest Dale Center,252.252.186.159,8:20 PM
1214,17,Emyle,Habbeshaw,ehabbeshaw5x@networksolutions.com,Female,32 Kensington Street,169.24.235.161,1:23 PM
1215,97,Greer,Kinney,gkinney5y@businessweek.com,Female,430 Manitowish Trail,123.206.62.73,7:35 PM
1216,11,Elita,Tye,etye5z@over-blog.com,Female,27606 Pennsylvania Park,244.236.27.142,5:37 PM
1217,18,Susi,Molyneux,smolyneux60@csmonitor.com,Female,48 Golf Hill,18.127.28.137,3:56 AM
1218,37,Elden,Lavrinov,elavrinov61@over-blog.com,Male,4 Alpine Street,187.123.50.231,1:50 PM
1219,22,Willard,Stoate,wstoate62@tamu.edu,Male,3254 Moland Place,25.216.246.112,9:16 PM
1220,53,Gunar,Brotherhood,gbrotherhood63@youtube.com,Male,9 Brentwood Avenue,88.147.71.160,1:57 PM
1221,35,Axel,Gittoes,agittoes64@mayoclinic.com,Male,38624 Kingsford Way,50.139.205.85,9:53 PM
1222,31,Nikkie,Gjerde,ngjerde65@tinypic.com,Female,2 Killdeer Plaza,255.62.113.13,10:35 AM
1223,53,Jard,Dulanty,jdulanty66@hao123.com,Male,388 Laurel Terrace,213.144.34.22,4:26 PM
1224,14,Pepito,Dietz,pdietz67@skyrock.com,Male,17415 Hallows Drive,171.22.49.8,8:37 PM
1225,55,Goddart,Phythean,gphythean68@tinyurl.com,Male,476 Tony Parkway,238.73.243.171,2:46 PM
1226,74,Zahara,Cammock,zcammock69@instagram.com,Female,5 Fuller Hill,28.160.82.127,4:58 PM
1227,5,Nahum,Brewett,nbrewett6a@arstechnica.com,Male,822 Atwood Circle,190.125.30.118,8:13 PM
1228,11,Gill,Kayzer,gkayzer6b@joomla.org,Male,900 Summit Park,254.132.183.124,11:56 PM
1229,66,Brear,Rubel,brubel6c@examiner.com,Female,71118 Main Avenue,241.5.34.105,3:43 PM
1230,38,Kirstin,Musker,kmusker6d@ca.gov,Female,18484 Ilene Park,187.90.166.120,10:19 PM
1231,46,Evin,Roddie,eroddie6e@php.net,Male,6558 8th Way,4.159.69.193,10:50 PM
1232,36,Lin,Dreger,ldreger6f@elpais.com,Male,85 Manitowish Parkway,13.146.53.53,5:59 PM
1233,92,Corinne,Di Ruggero,cdiruggero6g@unblog.fr,Female,285 Hintze Center,114.143.113.182,6:43 PM
1234,59,Frederica,Shrimptone,fshrimptone6h@mozilla.com,Female,24 Annamark Place,59.137.67.214,10:41 AM
1235,88,Oona,Brewerton,obrewerton6i@tuttocitta.it,Female,01979 Center Place,69.108.192.101,6:46 AM
1236,53,Roxine,Aubury,raubury6j@taobao.com,Female,4768 Manley Street,236.196.23.29,4:06 PM
1237,12,Budd,Hainey,bhainey6k@alexa.com,Male,54 Monica Road,60.37.247.55,1:17 AM
1238,40,Janeen,Allnatt,jallnatt6l@soup.io,Female,87729 Vermont Crossing,223.178.11.204,9:13 AM
1239,45,Giulietta,Myrick,gmyrick6m@mit.edu,Female,07 Aberg Center,29.231.84.250,2:23 PM
1240,47,Brandon,Habeshaw,bhabeshaw6n@ask.com,Male,40974 Bartelt Hill,78.67.239.114,6:18 AM
1241,55,Margy,Bucke,mbucke6o@twitter.com,Female,3214 Ridgeview Circle,61.181.120.66,8:56 PM
1242,95,Madel,Bradly,mbradly6p@dropbox.com,Female,6625 Raven Lane,174.38.129.243,9:02 PM
1243,77,Susi,Carleton,scarleton6q@instagram.com,Female,81 Aberg Circle,245.230.90.235,1:40 AM
1244,3,Holly-anne,Cannam,hcannam6r@joomla.org,Female,49580 Crescent Oaks Terrace,91.176.121.146,5:48 AM
1245,26,Whitman,Jados,wjados6s@photobucket.com,Male,902 Arapahoe Pass,108.211.212.176,11:39 PM
1246,13,Northrop,Copello,ncopello6t@tiny.cc,Male,135 Karstens Road,140.72.41.74,10:54 PM
1247,2,Lucian,Whybray,lwhybray6u@paginegialle.it,Male,72889 Namekagon Point,98.208.213.197,9:56 PM
1248,31,Lorianne,Elks,lelks6v@skype.com,Female,2147 Old Gate Pass,51.159.250.181,4:53 PM
1249,9,Almeta,Kliche,akliche6w@dot.gov,Female,44679 Superior Alley,244.161.126.181,5:21 PM
1250,33,Cesya,Tidman,ctidman6x@hibu.com,Female,909 Pawling Street,219.137.133.251,8:06 PM
1251,57,Bobine,O'Curneen,bocurneen6y@prnewswire.com,Female,0079 Springview Junction,110.217.171.145,7:16 AM
1252,52,Deva,Simonnet,dsimonnet6z@addtoany.com,Female,75 Prairieview Road,215.228.41.67,12:08 PM
1253,7,Suzanne,Causby,scausby70@live.com,Female,48748 Bonner Circle,35.12.150.104,12:03 PM
1254,85,Erinn,Flanders,eflanders71@elpais.com,Female,85691 Old Shore Drive,2.70.1.93,10:36 AM
1255,9,Tallia,Davy,tdavy72@nsw.gov.au,Female,249 Sherman Crossing,85.232.46.169,6:49 AM
1256,22,Meryl,Akred,makred73@networksolutions.com,Male,0363 Golf View Trail,230.157.102.230,11:43 PM
1257,4,Way,Harrop,wharrop74@virginia.edu,Male,8 Dahle Pass,15.198.63.25,1:59 AM
1258,49,Georgianna,Lowle,glowle75@flavors.me,Female,2 Norway Maple Way,236.28.99.127,1:11 PM
1259,49,Dorice,Behan,dbehan76@thetimes.co.uk,Female,7 Monument Point,191.75.97.231,5:46 PM
1260,2,Lek,Ambrogioni,lambrogioni77@yale.edu,Male,3 Claremont Trail,170.103.196.250,3:04 PM
1261,49,Julee,Petrolli,jpetrolli78@mayoclinic.com,Female,1300 Hallows Park,234.131.193.34,9:13 AM
1262,43,Deidre,Ebenezer,debenezer79@quantcast.com,Female,8752 Corry Trail,76.199.82.118,8:04 AM
1263,19,Wini,Hastler,whastler7a@miibeian.gov.cn,Female,7 Schmedeman Hill,62.175.232.183,4:22 PM
1264,20,Lizzy,Foskin,lfoskin7b@rakuten.co.jp,Female,0 Corscot Alley,12.27.242.26,11:57 AM
1265,59,Tiena,Richardot,trichardot7c@senate.gov,Female,49759 Cambridge Drive,90.149.39.52,3:56 AM
1266,35,Rikki,Bawles,rbawles7d@topsy.com,Female,15 Hudson Plaza,74.169.103.56,4:05 PM
1267,7,Sargent,Shotboult,sshotboult7e@opera.com,Male,82 Pond Crossing,13.91.1.36,4:25 PM
1268,44,Judye,Lamshead,jlamshead7f@imdb.com,Female,1 High Crossing Street,103.70.177.19,6:56 AM
1269,12,Kristyn,Corss,kcorss7g@netlog.com,Female,32802 Dryden Trail,47.36.248.91,9:20 PM
1270,60,Florian,Castelli,fcastelli7h@loc.gov,Male,3 Birchwood Trail,58.255.237.51,7:58 PM
1271,35,Tess,Hurton,thurton7i@scientificamerican.com,Female,04 Leroy Lane,170.105.227.137,4:03 AM
1272,6,Jacquie,Kibbe,jkibbe7j@nytimes.com,Female,03548 Schurz Court,143.253.210.21,4:42 AM
1273,93,Bryn,Alenin,balenin7k@google.de,Female,19997 Buena Vista Point,247.1.245.136,5:43 AM
1274,46,Cherri,Butterly,cbutterly7l@sfgate.com,Female,47559 Sherman Plaza,15.114.164.214,1:15 AM
1275,9,Frederica,Barnham,fbarnham7m@wordpress.org,Female,67520 West Way,146.144.241.94,8:30 AM
1276,79,Louise,Thurston,lthurston7n@51.la,Female,6 Moulton Place,169.213.95.122,4:26 PM
1277,10,Loella,Dunrige,ldunrige7o@people.com.cn,Female,27482 Thompson Drive,137.128.81.28,4:31 AM
1278,16,Kiele,De Robertis,kderobertis7p@psu.edu,Female,84 Larry Way,59.202.123.43,1:06 PM
1279,35,Noland,Colvin,ncolvin7q@va.gov,Male,352 Sunfield Trail,92.144.174.251,4:24 AM
1280,20,Beale,Ebsworth,bebsworth7r@instagram.com,Male,6 Merry Center,39.176.171.6,6:33 PM
1281,80,Vonni,Danev,vdanev7s@unblog.fr,Female,048 Sauthoff Plaza,155.238.107.135,1:01 AM
1282,41,Maximilian,Ryrie,mryrie7t@posterous.com,Male,5942 Caliangt Way,33.190.252.189,6:48 AM
1283,81,Cami,Angrock,cangrock7u@php.net,Female,46690 Quincy Plaza,216.71.63.218,7:55 AM
1284,4,Goraud,Shoulder,gshoulder7v@livejournal.com,Male,96 International Terrace,211.252.231.223,7:09 PM
1285,1,Delinda,Dorrell,ddorrell7w@dailymotion.com,Female,01 Green Ridge Terrace,48.220.146.230,10:45 AM
1286,91,Joyce,Ferroni,jferroni7x@youtu.be,Female,639 Sycamore Lane,246.182.90.233,6:43 AM
1287,86,Poul,Wandrich,pwandrich7y@tinyurl.com,Male,231 Jay Way,62.202.93.164,11:03 PM
1288,17,Lura,Boise,lboise7z@washington.edu,Female,0 Pond Avenue,197.39.229.193,12:26 PM
1289,17,Wolf,Wickrath,wwickrath80@facebook.com,Male,7 Dunning Hill,3.128.114.92,7:31 PM
1290,48,Drucill,Kmietsch,dkmietsch81@typepad.com,Female,3 Larry Lane,71.97.179.108,5:25 AM
1291,36,Troy,Wakley,twakley82@usatoday.com,Male,02 Morning Road,118.178.63.187,10:53 AM
1292,86,Chas,MacKey,cmackey83@google.nl,Male,2 Oxford Junction,88.179.189.76,3:45 PM
1293,35,Zoe,Farquharson,zfarquharson84@harvard.edu,Female,12 Brown Terrace,151.27.109.59,8:47 PM
1294,98,Wilhelmina,MacKnocker,wmacknocker85@wufoo.com,Female,22 Crowley Place,8.139.60.74,1:50 PM
1295,49,Alden,Gillanders,agillanders86@engadget.com,Male,4131 Monument Avenue,103.137.29.70,2:55 AM
1296,94,Mariquilla,Piggins,mpiggins87@ifeng.com,Female,6 Golf Street,157.211.235.80,9:55 AM
1297,21,Shurlock,Yeeles,syeeles88@vistaprint.com,Male,919 Canary Crossing,7.37.43.213,12:14 PM
1298,78,Martie,Idwal Evans,midwalevans89@admin.ch,Male,28 Armistice Circle,208.251.173.6,4:39 AM
1299,31,Hermina,Tarbox,htarbox8a@sun.com,Female,009 Bayside Parkway,220.100.89.81,6:32 PM
1300,7,Hastie,Coverlyn,hcoverlyn8b@rediff.com,Male,0102 Loomis Drive,214.157.253.63,6:17 PM
1301,15,Sarge,Farmiloe,sfarmiloe8c@furl.net,Male,084 Sutherland Hill,8.13.147.83,1:02 AM
1302,44,Kelsey,Houseago,khouseago8d@imdb.com,Female,32030 Morningstar Junction,188.241.67.22,2:17 PM
1303,29,Mireielle,Lefley,mlefley8e@infoseek.co.jp,Female,09483 Homewood Road,42.160.139.101,4:19 PM
1304,70,Earl,Lapree,elapree8f@skype.com,Male,6 Montana Parkway,3.246.134.234,2:52 AM
1305,24,Augy,Hooban,ahooban8g@telegraph.co.uk,Male,30104 Stone Corner Road,56.67.137.233,2:15 AM
1306,59,Eberhard,Tatum,etatum8h@google.nl,Male,917 John Wall Way,52.229.213.2,9:16 AM
1307,31,Luca,Crumly,lcrumly8i@ameblo.jp,Male,316 Vermont Junction,245.27.165.209,11:38 PM
1308,34,Clarette,Glason,cglason8j@europa.eu,Female,91670 Dovetail Avenue,3.36.71.160,4:46 AM
1309,4,Godiva,Loffel,gloffel8k@g.co,Female,6 Old Gate Park,103.18.59.134,6:27 AM
1310,62,Igor,Danaher,idanaher8l@sphinn.com,Male,00 Barby Hill,3.201.166.41,2:42 AM
1311,82,Kiley,Essery,kessery8m@lycos.com,Male,53 Vermont Road,36.224.109.75,3:21 PM
1312,32,Austin,Funnell,afunnell8n@webs.com,Male,4 Starling Park,32.228.173.244,6:37 AM
1313,22,Bartel,MacPadene,bmacpadene8o@studiopress.com,Male,2 Northwestern Lane,56.164.202.148,3:53 PM
1314,73,Emilio,Presshaugh,epresshaugh8p@fda.gov,Male,622 Tony Circle,89.122.19.139,11:33 PM
1315,32,Robb,Ronan,rronan8q@japanpost.jp,Male,143 Kedzie Terrace,193.233.212.146,10:15 AM
1316,81,Jan,Coultish,jcoultish8r@usatoday.com,Female,71228 Crest Line Drive,67.185.67.86,1:58 AM
1317,91,Dougy,Rosenstengel,drosenstengel8s@abc.net.au,Male,2 Kipling Center,156.14.198.217,3:58 AM
1318,59,Phillipp,Moffet,pmoffet8t@va.gov,Male,2 Fuller Street,83.152.43.4,6:51 AM
1319,47,Noami,Barosch,nbarosch8u@paypal.com,Female,074 Moose Hill,250.12.54.110,8:33 AM
1320,44,Cullan,D'Aulby,cdaulby8v@reference.com,Male,42 Forest Run Drive,63.33.47.6,6:35 AM
1321,2,Saul,Kondrat,skondrat8w@netscape.com,Male,46957 Twin Pines Court,113.100.143.106,11:39 AM
1322,66,Annissa,Waszczyk,awaszczyk8x@jigsy.com,Female,381 Helena Circle,127.64.27.130,12:28 PM
1323,49,Rafaelita,Simco,rsimco8y@jalbum.net,Female,4756 Canary Junction,145.217.222.62,8:37 AM
1324,85,Corey,Jerman,cjerman8z@hibu.com,Female,015 Mesta Way,99.141.187.143,2:06 AM
1325,68,Rinaldo,Ferre,rferre90@pbs.org,Male,3311 Dwight Road,180.55.75.16,1:45 PM
1326,39,Lanny,Botting,lbotting91@nymag.com,Female,32 Forest Parkway,66.29.45.3,9:09 AM
1327,48,Kit,Cater,kcater92@cbc.ca,Female,2 Brown Avenue,3.255.146.115,1:14 AM
1328,27,Reg,Van Dale,rvandale93@unesco.org,Male,6 Colorado Hill,221.95.57.212,7:35 AM
1329,19,Dusty,Rollings,drollings94@smh.com.au,Female,572 Kenwood Drive,48.157.221.59,1:34 AM
1330,30,Nial,Eilles,neilles95@bandcamp.com,Male,854 Glendale Way,228.230.235.178,9:30 AM
1331,39,Maurizio,Meechan,mmeechan96@alibaba.com,Male,1 Texas Park,230.254.4.27,9:04 AM
1332,51,Bo,Breckwell,bbreckwell97@networkadvertising.org,Male,6 Muir Crossing,191.252.222.97,4:50 PM
1333,74,Haskell,Eliez,heliez98@ox.ac.uk,Male,8374 Norway Maple Street,191.142.190.211,7:14 PM
1334,79,Iseabal,Frowen,ifrowen99@goo.ne.jp,Female,80 Crownhardt Parkway,221.173.12.99,1:49 AM
1335,73,Jinny,Beaumont,jbeaumont9a@yahoo.co.jp,Female,00071 Grasskamp Pass,161.100.233.218,1:32 PM
1336,7,Nev,Kindon,nkindon9b@thetimes.co.uk,Male,53 Mockingbird Crossing,238.0.110.186,5:47 PM
1337,43,Giuditta,Gever,ggever9c@tripod.com,Female,83 Dixon Hill,62.241.210.208,6:07 PM
1338,97,Asher,Pylkynyton,apylkynyton9d@oaic.gov.au,Male,31096 Schmedeman Road,182.145.72.218,1:49 PM
1339,5,Hamilton,Leinweber,hleinweber9e@sbwire.com,Male,7135 Jenna Crossing,81.120.99.1,1:20 AM
1340,4,Burk,Cornils,bcornils9f@fema.gov,Male,35940 Pine View Trail,36.66.55.185,2:11 AM
1341,40,Genovera,Hanlon,ghanlon9g@chronoengine.com,Female,6 Lakeland Terrace,4.92.252.88,10:05 PM
1342,94,Giff,Robbeke,grobbeke9h@github.com,Male,94 Milwaukee Parkway,244.246.231.19,9:02 AM
1343,96,Brian,Duiged,bduiged9i@google.fr,Male,27 Rockefeller Way,143.236.63.223,7:33 AM
1344,38,Roanne,Ney,rney9j@latimes.com,Female,20 Graedel Parkway,218.221.218.176,12:57 AM
1345,65,Elias,Folk,efolk9k@imageshack.us,Male,4724 Arizona Hill,185.142.105.157,8:37 AM
1346,23,Mendy,Archdeckne,marchdeckne9l@chronoengine.com,Male,5 4th Parkway,191.170.159.41,7:52 AM
1347,8,Carmelita,Saundercock,csaundercock9m@cafepress.com,Female,0 Fallview Court,195.124.192.97,5:25 PM
1348,73,Mack,Cheetham,mcheetham9n@barnesandnoble.com,Male,31267 Drewry Lane,144.160.73.90,8:48 PM
1349,8,Marlowe,Marchi,mmarchi9o@ucsd.edu,Male,393 Crowley Road,89.18.79.42,9:03 AM
1350,28,Melisent,Spendlove,mspendlove9p@last.fm,Female,9245 Huxley Alley,129.140.87.250,10:32 AM
1351,59,Grissel,Templeman,gtempleman9q@wikia.com,Female,97 Swallow Parkway,159.59.72.180,2:09 AM
1352,100,Drusy,Lathee,dlathee9r@chron.com,Female,5 American Park,108.172.86.6,10:52 PM
1353,24,Saunders,Castellucci,scastellucci9s@prnewswire.com,Male,6 Sunbrook Trail,174.24.19.188,10:26 PM
1354,61,Evvie,Pretley,epretley9t@soundcloud.com,Female,62891 Northland Alley,113.65.161.5,10:20 PM
1355,48,Nikolia,Tiffany,ntiffany9u@reference.com,Female,4959 Kings Road,128.118.78.179,4:36 PM
1356,81,Sigismondo,Saleway,ssaleway9v@twitpic.com,Male,35438 Karstens Plaza,184.22.35.77,10:41 PM
1357,80,Dari,Lesurf,dlesurf9w@bloglovin.com,Female,4544 Pepper Wood Court,109.183.15.72,10:36 PM
1358,61,Stesha,Owenson,sowenson9x@who.int,Female,81 Browning Terrace,3.248.125.122,9:05 AM
1359,13,Paxon,De Caville,pdecaville9y@linkedin.com,Male,6570 Tomscot Way,155.180.218.102,8:13 AM
1360,29,Selie,Newns,snewns9z@gov.uk,Female,2306 Merchant Way,163.179.128.39,7:47 PM
1361,95,Mirella,Loxly,mloxlya0@chicagotribune.com,Female,3 Anniversary Place,204.56.249.129,2:46 AM
1362,21,Clair,Shepland,csheplanda1@nyu.edu,Male,76 Elgar Center,135.12.218.156,12:23 AM
1363,83,Adamo,Drinkhall,adrinkhalla2@cnet.com,Male,37 Independence Court,131.170.30.50,4:24 PM
1364,86,Mei,Koopman,mkoopmana3@bloomberg.com,Female,2 Green Ridge Avenue,160.214.233.229,6:36 AM
1365,75,Pavla,Sleany,psleanya4@usatoday.com,Female,1 Red Cloud Hill,34.170.250.234,1:54 AM
1366,66,Bertrand,Humbles,bhumblesa5@examiner.com,Male,37 Heath Pass,97.85.178.70,1:26 AM
1367,4,Humphrey,Lemmens,hlemmensa6@163.com,Male,47 Schiller Hill,178.50.232.66,1:44 PM
1368,32,Row,Lamps,rlampsa7@senate.gov,Female,655 Jay Place,116.8.143.184,1:05 PM
1369,92,Terrill,Raun,trauna8@51.la,Male,5270 Pepper Wood Place,226.199.61.13,2:12 PM
1370,89,Gisela,Stobo,gstoboa9@who.int,Female,69866 Pond Pass,151.238.135.50,5:10 PM
1371,91,Wait,Belch,wbelchaa@desdev.cn,Male,2 Rusk Alley,126.237.182.204,2:46 AM
1372,90,Alane,Allsobrook,aallsobrookab@smh.com.au,Female,4251 Mockingbird Terrace,159.129.240.97,10:52 AM
1373,25,Davidde,Powles,dpowlesac@behance.net,Male,7 Fieldstone Plaza,192.190.115.41,10:24 PM
1374,10,Boot,Gedling,bgedlingad@drupal.org,Male,3282 Randy Point,40.103.124.89,10:47 AM
1375,37,Keane,Sneath,ksneathae@163.com,Male,970 Beilfuss Place,181.38.65.139,2:18 PM
1376,45,Tami,Van der Kruys,tvanderkruysaf@wix.com,Female,0 Kipling Park,193.119.143.215,10:33 AM
1377,36,Luciana,Bonsall,lbonsallag@house.gov,Female,113 Manley Street,193.129.44.108,5:06 AM
1378,62,Jeannine,Birtley,jbirtleyah@whitehouse.gov,Female,5724 Eagle Crest Pass,138.212.19.250,4:30 PM
1379,68,Caleb,Osborne,cosborneai@vk.com,Male,8 8th Avenue,193.167.174.78,12:42 AM
1380,21,Cristi,Jarad,cjaradaj@spotify.com,Female,49399 Grover Circle,231.160.69.85,1:43 AM
1381,14,Ettore,Ensley,eensleyak@chron.com,Male,681 Summer Ridge Drive,129.207.57.107,1:42 PM
1382,82,Jack,Mumm,jmummal@istockphoto.com,Male,04858 Blackbird Alley,164.70.242.145,2:23 PM
1383,77,Melli,Calltone,mcalltoneam@ibm.com,Female,81764 Northview Parkway,217.12.209.125,4:28 PM
1384,20,Karylin,Fydo,kfydoan@marketwatch.com,Female,6 Northridge Terrace,181.78.129.14,9:08 AM
1385,68,Vlad,Polleye,vpolleyeao@hp.com,Male,11 Vahlen Junction,90.152.196.52,10:25 PM
1386,7,Harrie,Birdwhistell,hbirdwhistellap@tripadvisor.com,Female,174 1st Trail,190.55.220.146,11:32 AM
1387,33,Maury,Hartly,mhartlyaq@cafepress.com,Male,540 Bluejay Hill,127.142.69.249,12:22 AM
1388,24,David,Bengtsen,dbengtsenar@census.gov,Male,11 Maple Drive,196.120.101.130,6:01 PM
1389,82,Johnna,Laight,jlaightas@businesswire.com,Female,095 Becker Avenue,0.151.236.153,5:29 AM
1390,28,Rickert,Helkin,rhelkinat@cnbc.com,Male,7699 Chinook Street,46.109.115.197,7:47 AM
1391,56,Matelda,Pinson,mpinsonau@comcast.net,Female,5 Manitowish Terrace,15.202.10.51,11:30 AM
1392,43,Rustie,Alison,ralisonav@google.it,Male,254 Victoria Plaza,40.27.206.247,5:15 AM
1393,39,Monica,Crease,mcreaseaw@kickstarter.com,Female,3 Memorial Park,48.110.67.54,9:28 AM
1394,35,Arri,Suddick,asuddickax@squarespace.com,Male,7 Lillian Trail,109.139.162.255,8:33 PM
1395,74,Ambrosius,McPhillips,amcphillipsay@google.it,Male,2 Transport Court,168.93.196.208,10:29 AM
1396,82,Shelley,Breheny,sbrehenyaz@ning.com,Male,2401 Sullivan Road,134.242.96.241,5:43 PM
1397,85,Basil,Ironside,bironsideb0@berkeley.edu,Male,99 Bartelt Place,206.233.85.224,6:49 PM
1398,10,Baryram,Angrock,bangrockb1@blinklist.com,Male,2332 East Terrace,63.141.225.9,4:37 AM
1399,72,Felix,Yakovliv,fyakovlivb2@sourceforge.net,Male,8135 Milwaukee Street,146.248.192.92,6:52 PM
1400,32,Waldemar,Kidston,wkidstonb3@dedecms.com,Male,03 Logan Way,226.196.171.63,1:16 AM
1401,83,Alisander,Marcombe,amarcombeb4@buzzfeed.com,Male,84 Petterle Plaza,181.25.191.15,7:51 AM
1402,42,Nicki,Hearns,nhearnsb5@samsung.com,Female,8 Crest Line Alley,174.36.151.230,4:54 AM
1403,95,Cassy,Brenston,cbrenstonb6@washington.edu,Female,90659 Dapin Court,134.31.46.133,1:59 PM
1404,35,Matthias,Josilevich,mjosilevichb7@cisco.com,Male,77 Loeprich Pass,100.41.28.236,8:16 PM
1405,80,Ranique,Kerrod,rkerrodb8@fema.gov,Female,8135 Schmedeman Junction,247.131.202.241,1:58 AM
1406,29,Barry,Thoms,bthomsb9@amazonaws.com,Female,36159 Londonderry Place,9.223.85.130,3:39 AM
1407,55,Tadd,Furber,tfurberba@biblegateway.com,Male,11587 Independence Trail,228.224.67.32,12:17 AM
1408,92,Myrtle,Schleicher,mschleicherbb@nhs.uk,Female,2781 Hazelcrest Park,170.241.121.105,5:53 PM
1409,83,Salvatore,Gownge,sgowngebc@reverbnation.com,Male,649 Bluejay Parkway,227.45.135.171,7:44 AM
1410,94,Thomasine,Chapell,tchapellbd@hibu.com,Female,78388 Melby Junction,134.61.198.142,10:09 AM
1411,76,Monica,Matches,mmatchesbe@technorati.com,Female,725 Cherokee Center,145.246.9.218,8:44 PM
1412,83,Kenn,De Giovanni,kdegiovannibf@census.gov,Male,3475 Jenifer Court,100.1.135.192,5:30 PM
1413,9,Cullie,Key,ckeybg@slate.com,Male,05 Farwell Trail,246.56.101.144,3:49 PM
1414,15,Guido,Pengilley,gpengilleybh@soup.io,Male,94678 Summerview Street,209.93.222.113,8:41 AM
1415,61,Leelah,Marple,lmarplebi@spotify.com,Female,6940 Little Fleur Pass,182.59.248.120,4:58 AM
1416,96,Egon,Krikorian,ekrikorianbj@gov.uk,Male,8 Clove Street,42.180.203.21,6:46 AM
1417,87,Isa,Colthard,icolthardbk@usa.gov,Male,14405 Texas Court,250.207.102.252,12:34 AM
1418,44,Lorita,Venning,lvenningbl@pinterest.com,Female,67 Knutson Crossing,242.242.6.221,3:05 PM
1419,58,Bar,Emps,bempsbm@istockphoto.com,Male,38 Algoma Alley,198.238.223.167,1:36 AM
1420,49,Augustin,Kayes,akayesbn@google.fr,Male,48187 Paget Pass,51.246.91.219,11:11 AM
1421,98,Ainslie,Ravel,aravelbo@webs.com,Female,995 Helena Place,41.128.199.63,5:10 PM
1422,35,Tyrus,Joule,tjoulebp@techcrunch.com,Male,23 Anhalt Avenue,88.70.66.108,6:10 PM
1423,35,Jenelle,Degli Abbati,jdegliabbatibq@quantcast.com,Female,532 7th Alley,91.180.247.165,9:27 AM
1424,34,Cora,McAndrew,cmcandrewbr@weebly.com,Female,382 Schiller Terrace,157.244.81.109,2:58 PM
1425,94,Emogene,Caveau,ecaveaubs@miitbeian.gov.cn,Female,1892 Melvin Street,174.47.31.193,1:28 AM
1426,41,Etan,Sauter,esauterbt@furl.net,Male,23116 Boyd Street,125.226.134.112,10:24 AM
1427,38,Karlotte,Giller,kgillerbu@kickstarter.com,Female,16657 Independence Road,161.70.28.78,4:28 PM
1428,94,Roxanna,Gammage,rgammagebv@cnn.com,Female,623 Sullivan Parkway,109.234.98.15,7:09 AM
1429,51,Muffin,Bynold,mbynoldbw@ucoz.ru,Female,9676 Hoard Terrace,56.233.212.224,10:38 AM
1430,80,Hagen,Bricklebank,hbricklebankbx@auda.org.au,Male,2 Erie Junction,148.63.16.75,2:28 PM
1431,18,Read,Pidon,rpidonby@homestead.com,Male,584 Village Green Crossing,132.203.144.152,2:46 AM
1432,11,Lonny,Casaro,lcasarobz@umn.edu,Male,25530 Gateway Point,206.18.15.120,2:19 PM
1433,3,Joel,McCloughlin,jmccloughlinc0@mtv.com,Male,3393 Namekagon Terrace,242.24.183.11,9:47 AM
1434,34,Agnes,Menguy,amenguyc1@upenn.edu,Female,5 Corben Trail,164.174.170.91,8:45 PM
1435,54,Hilton,Lunk,hlunkc2@mediafire.com,Male,6440 Prentice Place,128.203.210.246,10:05 AM
1436,37,Ketti,Baylie,kbayliec3@opensource.org,Female,6 Talisman Alley,214.187.52.9,9:27 PM
1437,54,Kalvin,Greensted,kgreenstedc4@dmoz.org,Male,4334 Barnett Plaza,109.124.67.71,3:56 PM
1438,78,Adda,Sharpling,asharplingc5@mlb.com,Female,43 Jenna Pass,242.158.214.40,7:01 AM
1439,76,Collin,Millgate,cmillgatec6@youku.com,Male,04326 Northwestern Lane,7.129.251.86,1:43 AM
1440,57,Gwenora,Willingale,gwillingalec7@huffingtonpost.com,Female,9752 Forest Dale Pass,172.120.118.163,10:36 AM
1441,7,Alan,Conan,aconanc8@soup.io,Male,25305 Sage Lane,30.225.10.165,10:17 AM
1442,27,Powell,Spanton,pspantonc9@xing.com,Male,542 Rusk Court,153.198.1.40,4:39 AM
1443,90,Charin,Egentan,cegentanca@eventbrite.com,Female,975 Bluejay Drive,18.43.17.245,3:28 AM
1444,13,Jock,Autrie,jautriecb@unblog.fr,Male,765 Cordelia Point,161.145.62.232,5:31 AM
1445,26,Darla,Membry,dmembrycc@intel.com,Female,09671 Magdeline Circle,30.31.220.133,2:50 AM
1446,2,Adina,Gaythor,agaythorcd@bloomberg.com,Female,3 Main Park,18.241.113.30,4:56 PM
1447,70,Randi,Krysiak,rkrysiakce@uiuc.edu,Female,054 Mandrake Road,255.232.209.221,7:11 AM
1448,12,Willard,Sipson,wsipsoncf@nps.gov,Male,50 Erie Lane,19.3.172.72,7:50 PM
1449,25,Constancia,Blakden,cblakdencg@soup.io,Female,01 Eliot Court,248.226.187.116,2:18 PM
1450,60,Maximo,Rainey,mraineych@oracle.com,Male,308 Rutledge Trail,122.240.162.255,12:59 PM
1451,41,Sigismondo,Drinkale,sdrinkaleci@blogtalkradio.com,Male,246 Stone Corner Pass,164.5.227.99,6:06 PM
1452,80,Herculie,Thomerson,hthomersoncj@oaic.gov.au,Male,561 Bowman Lane,234.111.135.82,9:04 PM
1453,15,Julian,Romain,jromainck@nba.com,Male,9 Buell Trail,10.21.61.185,5:24 AM
1454,12,Harriot,Feldhorn,hfeldhorncl@deliciousdays.com,Female,1580 Petterle Lane,69.207.21.254,8:32 AM
1455,84,Rosalia,Gulberg,rgulbergcm@hao123.com,Female,50052 Mendota Terrace,42.18.131.27,6:07 AM
1456,64,Karlen,Wittleton,kwittletoncn@tiny.cc,Female,4575 Roth Avenue,53.182.130.130,9:34 PM
1457,78,Wallache,Fowls,wfowlsco@miitbeian.gov.cn,Male,08900 Hazelcrest Hill,217.59.211.248,1:29 PM
1458,34,Boothe,Antonietti,bantonietticp@edublogs.org,Male,9194 5th Circle,242.138.103.94,7:02 PM
1459,52,Nate,Kett,nkettcq@ycombinator.com,Male,17419 Petterle Parkway,45.229.25.53,3:53 AM
1460,31,Israel,Wheelton,iwheeltoncr@dropbox.com,Male,11947 Jackson Trail,28.172.179.160,2:29 AM
1461,14,Lyda,Bletsor,lbletsorcs@salon.com,Female,27096 Graedel Way,97.124.110.187,1:32 PM
1462,26,Frederic,Kilty,fkiltyct@umich.edu,Male,7066 Coolidge Way,90.31.167.140,1:07 AM
1463,43,Danny,Duffer,dduffercu@paginegialle.it,Male,359 Pawling Court,27.242.99.250,2:51 AM
1464,63,Graig,Parkman,gparkmancv@blinklist.com,Male,99 Linden Point,220.206.190.171,8:42 PM
1465,72,Alejandra,MacGillacolm,amacgillacolmcw@amazon.com,Female,5510 Hoffman Plaza,31.49.207.46,9:31 AM
1466,86,Briano,Harling,bharlingcx@i2i.jp,Male,80162 Knutson Road,144.54.199.251,11:54 AM
1467,100,Niko,Novotni,nnovotnicy@bing.com,Male,13 Dexter Avenue,93.223.125.157,12:05 AM
1468,37,Dona,Bridywater,dbridywatercz@nifty.com,Female,4 Del Mar Junction,230.105.149.198,12:20 PM
1469,96,Manya,Scad,mscadd0@eepurl.com,Female,648 Acker Circle,242.21.3.74,10:56 PM
1470,5,Velma,Girt,vgirtd1@trellian.com,Female,578 Oriole Way,64.58.81.19,10:47 AM
1471,90,Romola,Fishley,rfishleyd2@alibaba.com,Female,17549 Kinsman Parkway,49.233.0.64,1:07 PM
1472,98,Eugenio,Cunah,ecunahd3@chronoengine.com,Male,87613 Ilene Circle,111.177.226.121,1:40 PM
1473,6,Vincent,Christophers,vchristophersd4@ucsd.edu,Male,91019 Morningstar Center,216.224.145.251,8:56 PM
1474,85,Patton,Gullan,pgulland5@netlog.com,Male,9755 Bellgrove Terrace,232.61.78.25,2:11 PM
1475,92,Avigdor,Allright,aallrightd6@nhs.uk,Male,6 Doe Crossing Trail,61.184.174.213,6:15 AM
1476,1,Venita,Deackes,vdeackesd7@patch.com,Female,682 Pennsylvania Pass,225.157.115.131,4:33 AM
1477,49,Giovanni,Yosselevitch,gyosselevitchd8@japanpost.jp,Male,8190 Melody Way,236.174.141.78,3:21 AM
1478,5,Vince,Frankes,vfrankesd9@ed.gov,Male,055 Melrose Place,60.221.68.133,2:35 AM
1479,91,Eugene,Bartosik,ebartosikda@nytimes.com,Male,392 Cottonwood Pass,184.114.215.129,11:55 PM
1480,70,Hastie,Poltone,hpoltonedb@wiley.com,Male,116 Kings Way,169.190.168.24,6:53 AM
1481,60,Andres,Jakobsson,ajakobssondc@pen.io,Male,8287 Trailsway Parkway,16.107.14.110,12:19 PM
1482,44,Rosaline,Foale,rfoaledd@youtube.com,Female,384 Miller Circle,43.44.17.92,4:17 AM
1483,79,Ivette,Kobpa,ikobpade@mit.edu,Female,17 Golden Leaf Crossing,147.255.104.193,1:49 AM
1484,48,Ximenez,Heathfield,xheathfielddf@photobucket.com,Male,4 Toban Lane,198.226.77.70,6:54 PM
1485,4,Inesita,Judron,ijudrondg@cnet.com,Female,56518 Tennyson Center,15.95.169.178,5:04 AM
1486,40,Drusilla,Matt,dmattdh@cloudflare.com,Female,09906 Buena Vista Hill,221.59.68.15,9:39 PM
1487,53,Vergil,Quarmby,vquarmbydi@vinaora.com,Male,938 Everett Alley,136.132.79.111,10:24 PM
1488,1,Teddi,Cardon,tcardondj@google.de,Female,01687 Bobwhite Lane,1.195.62.1,4:54 PM
1489,77,Melodee,Corragan,mcorragandk@digg.com,Female,84997 Brentwood Drive,167.100.185.34,6:38 AM
1490,67,Der,Grim,dgrimdl@google.it,Male,32 Acker Drive,133.182.120.196,4:08 PM
1491,64,Gerta,Welch,gwelchdm@jiathis.com,Female,5343 Sloan Drive,98.88.72.151,9:08 PM
1492,71,Koo,Renard,krenarddn@ycombinator.com,Female,86 Upham Center,194.124.140.117,12:53 PM
1493,6,Marta,Arunowicz,marunowiczdo@posterous.com,Female,9 Colorado Trail,72.247.66.78,1:54 PM
1494,66,Roderic,Napoleone,rnapoleonedp@yolasite.com,Male,99158 Forest Junction,116.10.221.86,7:38 AM
1495,53,Rustie,Strettle,rstrettledq@buzzfeed.com,Male,5 Redwing Court,2.4.203.234,10:59 AM
1496,98,Ugo,Bullimore,ubullimoredr@homestead.com,Male,515 Warbler Drive,16.136.34.135,3:42 AM
1497,98,Vincenty,Scandroot,vscandrootds@meetup.com,Male,7 Johnson Court,87.244.250.114,12:13 AM
1498,88,Kurtis,Leydon,kleydondt@globo.com,Male,71 Shasta Court,83.84.60.91,5:41 AM
1499,3,Willem,Austin,waustindu@nytimes.com,Male,88 Butternut Hill,102.119.129.26,7:42 PM
1500,65,Lisabeth,Jeune,ljeunedv@auda.org.au,Female,9103 Fordem Park,213.185.241.128,12:40 AM
1501,64,Eldin,Merington,emeringtondw@un.org,Male,68 Maryland Court,101.64.2.172,1:20 AM
1502,61,Gene,Brack,gbrackdx@blog.com,Male,482 Utah Drive,81.121.210.41,12:31 AM
1503,76,Giovanna,Mercik,gmercikdy@opensource.org,Female,5569 Welch Trail,241.48.124.121,7:18 AM
1504,90,Rafaela,Cristofvao,rcristofvaodz@squarespace.com,Female,545 Hintze Hill,180.76.39.146,11:38 AM
1505,87,Andre,Larive,alarivee0@list-manage.com,Male,53 Logan Park,238.34.169.135,12:04 AM
1506,90,Glynn,Kundt,gkundte1@dyndns.org,Male,9298 Division Place,59.197.47.119,4:30 PM
1507,20,Evie,Danniel,edanniele2@fastcompany.com,Female,13090 Miller Hill,183.190.110.192,4:23 PM
1508,42,Barbara,Parsonage,bparsonagee3@pagesperso-orange.fr,Female,7118 Raven Crossing,225.216.68.75,1:45 PM
1509,67,Yorke,Aspray,yaspraye4@bigcartel.com,Male,4 Homewood Park,83.85.237.132,6:11 AM
1510,8,Sherilyn,Hamsson,shamssone5@ow.ly,Female,0 Nevada Alley,109.93.130.106,11:33 PM
1511,26,Bess,Temperton,btempertone6@engadget.com,Female,893 Lillian Court,2.51.177.110,8:37 AM
1512,60,Jenilee,Larkins,jlarkinse7@ifeng.com,Female,3616 Caliangt Plaza,195.215.81.7,3:01 PM
1513,82,Wynnie,Lunbech,wlunbeche8@cornell.edu,Female,5071 Fairview Pass,233.147.140.104,2:49 AM
1514,84,Consuelo,Winsborrow,cwinsborrowe9@unblog.fr,Female,98712 Artisan Plaza,163.70.71.207,8:36 AM
1515,55,Cornela,Tennet,ctennetea@apple.com,Female,4818 Fallview Pass,97.131.246.182,9:12 PM
1516,38,Emmet,Orred,eorredeb@gravatar.com,Male,3946 Goodland Point,197.166.121.5,12:55 AM
1517,62,Fidelity,Brimm,fbrimmec@wp.com,Female,786 Stang Lane,16.251.190.122,10:33 AM
1518,34,Dorothee,Snalom,dsnalomed@dropbox.com,Female,287 Sachs Alley,254.180.28.101,9:22 PM
1519,80,Cinnamon,Bather,cbatheree@newyorker.com,Female,6 2nd Lane,15.93.167.150,8:47 PM
1520,60,Karlens,Luxon,kluxonef@msn.com,Male,89391 Monica Road,92.171.234.201,7:50 AM
1521,41,Bjorn,Coatman,bcoatmaneg@google.cn,Male,99834 Roxbury Point,188.239.15.41,1:26 PM
1522,18,Nathan,Fitzgerald,nfitzgeraldeh@flavors.me,Male,47034 Londonderry Pass,81.160.239.14,7:47 PM
1523,66,Peirce,Grimolbie,pgrimolbieei@netvibes.com,Male,1497 Pawling Place,20.187.60.136,2:56 PM
1524,33,Fulton,Mussalli,fmussalliej@adobe.com,Male,2420 Meadow Ridge Center,128.81.78.43,8:50 PM
1525,97,Pryce,Berisford,pberisfordek@networkadvertising.org,Male,0 Armistice Road,192.188.52.255,5:58 PM
1526,18,Marieann,Jakubovitch,mjakubovitchel@w3.org,Female,8 Arkansas Junction,138.157.255.74,6:19 PM
1527,83,Seymour,Kesteven,skestevenem@boston.com,Male,0294 Golf Point,16.100.209.199,3:01 PM
1528,84,Wendall,Brewers,wbrewersen@hostgator.com,Male,0969 Sunnyside Plaza,70.13.35.177,4:52 PM
1529,82,Durward,Sumnall,dsumnalleo@ox.ac.uk,Male,61893 Cardinal Pass,77.97.163.220,11:45 PM
1530,28,Creigh,Hamberston,chamberstonep@t-online.de,Male,347 Fulton Court,128.237.49.224,8:08 PM
1531,89,Nicolis,Vellden,nvelldeneq@google.ca,Male,05282 Farmco Court,16.210.87.44,1:16 AM
1532,4,Romy,McCurdy,rmccurdyer@webmd.com,Female,603 4th Point,244.102.89.218,11:09 PM
1533,90,Rebbecca,Esberger,resbergeres@qq.com,Female,7684 Heath Alley,6.244.209.58,6:05 PM
1534,60,Anette,Winckle,awinckleet@go.com,Female,7991 Artisan Road,117.140.64.108,12:56 PM
1535,54,Kali,Whittock,kwhittockeu@earthlink.net,Female,667 Mandrake Court,207.229.217.219,9:14 PM
1536,11,Rabi,Covil,rcovilev@kickstarter.com,Male,00929 Carey Avenue,154.98.89.189,2:31 PM
1537,89,Pip,Hovey,phoveyew@ftc.gov,Male,21 Butternut Court,124.167.7.89,10:29 AM
1538,9,Cody,Raymont,craymontex@behance.net,Female,541 Farwell Avenue,46.127.191.34,5:56 PM
1539,40,Grantham,Purple,gpurpleey@comsenz.com,Male,6 Troy Crossing,32.167.210.31,3:34 AM
1540,35,Levi,Di Biagio,ldibiagioez@forbes.com,Male,099 Susan Parkway,135.125.1.115,1:01 AM
1541,49,Emanuel,Turnell,eturnellf0@cdc.gov,Male,76684 Pearson Street,208.143.186.128,5:42 PM
1542,93,Sherline,Raddenbury,sraddenburyf1@jugem.jp,Female,93 Oxford Center,245.242.172.155,11:22 PM
1543,62,Harriet,Corton,hcortonf2@java.com,Female,1 Sunbrook Lane,50.236.222.71,7:36 AM
1544,93,Olimpia,Granham,ogranhamf3@cafepress.com,Female,1619 Weeping Birch Road,45.212.52.24,10:25 PM
1545,53,Clea,Richens,crichensf4@biblegateway.com,Female,9 Shoshone Trail,45.65.156.118,11:09 PM
1546,14,Welch,Goulborn,wgoulbornf5@discovery.com,Male,2273 Green Lane,182.169.49.230,11:32 PM
1547,65,Culley,Valentim,cvalentimf6@about.me,Male,485 Mayer Road,61.45.192.146,8:37 AM
1548,74,Horatius,Asty,hastyf7@patch.com,Male,8 Jenna Place,149.2.167.121,12:01 AM
1549,56,Errick,Embery,eemberyf8@elpais.com,Male,4636 Mendota Plaza,224.96.254.83,7:57 AM
1550,17,Margit,Beslier,mbeslierf9@deviantart.com,Female,840 Lunder Place,121.146.44.153,10:51 PM
1551,91,Pooh,Cheyenne,pcheyennefa@indiatimes.com,Male,93 Killdeer Park,32.159.22.206,2:54 AM
1552,38,Leroy,Kondratenko,lkondratenkofb@mlb.com,Male,98790 Holy Cross Alley,234.143.181.42,5:05 AM
1553,55,Berget,Kermon,bkermonfc@simplemachines.org,Female,2873 Little Fleur Avenue,103.126.41.177,5:05 PM
1554,57,Gale,Echalier,gechalierfd@github.com,Male,39 Clyde Gallagher Hill,86.168.25.175,6:32 PM
1555,53,Ab,Nussey,anusseyfe@foxnews.com,Male,386 La Follette Way,240.9.34.58,10:41 PM
1556,21,Hunter,Sybry,hsybryff@yahoo.com,Male,81094 Brentwood Plaza,24.157.138.192,1:47 AM
1557,100,Friedrich,Peak,fpeakfg@deliciousdays.com,Male,5285 Macpherson Parkway,48.38.124.32,12:30 AM
1558,91,Borg,Sommerscales,bsommerscalesfh@hc360.com,Male,955 Golden Leaf Avenue,212.57.39.210,7:34 PM
1559,100,Merell,Klagges,mklaggesfi@chicagotribune.com,Male,09772 Boyd Plaza,111.135.11.106,7:04 AM
1560,36,Marina,Morgan,mmorganfj@nbcnews.com,Female,7884 Chinook Place,154.38.26.225,4:35 AM
1561,85,Levin,Beebee,lbeebeefk@tuttocitta.it,Male,150 Kenwood Drive,83.93.195.146,9:00 PM
1562,61,Alli,Bispo,abispofl@alibaba.com,Female,95012 Novick Road,195.47.147.224,9:02 PM
1563,14,Cicily,Huard,chuardfm@jugem.jp,Female,8555 Bellgrove Center,102.44.232.0,1:39 AM
1564,16,Corbie,Bassingham,cbassinghamfn@hc360.com,Male,3 Pearson Park,45.60.21.191,1:55 PM
1565,98,Eydie,Pruckner,eprucknerfo@nytimes.com,Female,3651 Anhalt Parkway,196.145.11.80,12:29 AM
1566,98,Frederico,Tordoff,ftordofffp@xrea.com,Male,7872 Cordelia Parkway,111.11.79.7,4:11 AM
1567,51,Andras,Hullock,ahullockfq@so-net.ne.jp,Male,2123 International Street,85.222.84.55,1:39 AM
1568,7,Gerrard,Sankey,gsankeyfr@over-blog.com,Male,5593 Bunker Hill Street,44.161.3.37,7:14 PM
1569,47,Benjy,Shakesby,bshakesbyfs@patch.com,Male,607 Pine View Avenue,188.233.94.34,4:05 AM
1570,43,Babs,Ferreo,bferreoft@patch.com,Female,07825 Barnett Trail,170.27.27.149,6:22 AM
1571,35,Mathilde,Ionnisian,mionnisianfu@hexun.com,Female,17 Farwell Lane,11.83.92.42,2:11 PM
1572,86,Grazia,Denisovich,gdenisovichfv@lulu.com,Female,48802 Ludington Crossing,185.228.191.69,7:25 AM
1573,68,Brenden,Screach,bscreachfw@sitemeter.com,Male,814 Spenser Crossing,33.38.58.113,6:45 PM
1574,50,Wynn,Stubbley,wstubbleyfx@alibaba.com,Female,7 Londonderry Junction,80.155.131.147,9:58 PM
1575,71,Holly,Pogg,hpoggfy@dmoz.org,Female,695 Dovetail Way,65.148.181.35,4:00 PM
1576,12,Felisha,Hunsworth,fhunsworthfz@dot.gov,Female,70 Killdeer Trail,136.63.236.38,2:21 AM
1577,8,Lucienne,Arpino,larpinog0@friendfeed.com,Female,3475 Dawn Point,70.110.81.116,2:10 PM
1578,78,Hugo,Anglim,hanglimg1@ucla.edu,Male,72130 Mosinee Way,184.238.111.205,2:26 PM
1579,65,Harman,Bearcroft,hbearcroftg2@infoseek.co.jp,Male,4 Bartelt Center,175.64.139.170,10:46 PM
1580,45,Ahmed,Tippetts,atippettsg3@360.cn,Male,67174 Armistice Center,207.151.215.191,11:18 AM
1581,84,Ranique,Bortolini,rbortolinig4@cbsnews.com,Female,24148 Green Drive,191.175.8.3,1:55 PM
1582,80,Koenraad,Korfmann,kkorfmanng5@tmall.com,Male,9405 Hansons Center,231.212.122.178,1:10 AM
1583,83,Siegfried,Findley,sfindleyg6@disqus.com,Male,9 Northwestern Court,253.86.170.5,3:08 AM
1584,25,Annalise,Jacquemard,ajacquemardg7@wix.com,Female,78 Harper Avenue,39.180.149.62,2:29 AM
1585,13,Emyle,Rosindill,erosindillg8@mapy.cz,Female,02318 Browning Drive,10.71.109.172,5:38 AM
1586,29,Zack,Geipel,zgeipelg9@joomla.org,Male,66066 Spaight Lane,61.197.60.128,5:12 PM
1587,69,Fayina,Birchett,fbirchettga@yale.edu,Female,4370 Heath Terrace,0.32.225.28,11:58 PM
1588,24,Creighton,Odd,coddgb@umich.edu,Male,1 Holy Cross Terrace,154.21.48.78,6:56 AM
1589,1,Corbet,Matieu,cmatieugc@reference.com,Male,0813 Cherokee Lane,104.137.134.179,12:34 AM
1590,25,Trudi,Rodwell,trodwellgd@constantcontact.com,Female,27332 Lighthouse Bay Center,134.241.153.86,3:48 AM
1591,96,Harwell,Krale,hkralege@symantec.com,Male,2 Tony Plaza,105.97.96.209,5:19 AM
1592,99,Aldrich,Gibbon,agibbongf@unicef.org,Male,7562 Bluejay Parkway,51.52.69.80,5:11 AM
1593,44,Ravid,Unwins,runwinsgg@yellowbook.com,Male,6811 Birchwood Plaza,223.176.196.196,4:39 PM
1594,4,Christabella,Worsnap,cworsnapgh@mashable.com,Female,72995 Talmadge Hill,192.105.69.254,11:13 PM
1595,62,Lin,Lindop,llindopgi@twitpic.com,Male,516 Heath Hill,213.103.207.240,3:47 PM
1596,28,Nedi,Gibb,ngibbgj@sfgate.com,Female,8753 Village Green Terrace,236.254.140.242,6:14 AM
1597,86,Lazar,Emmott,lemmottgk@plala.or.jp,Male,4568 Evergreen Drive,101.103.232.252,11:16 PM
1598,42,Bowie,Geeves,bgeevesgl@arstechnica.com,Male,74 Maryland Street,65.202.236.173,7:01 PM
1599,1,Susann,Parriss,sparrissgm@archive.org,Female,149 Little Fleur Junction,33.82.170.82,1:28 PM
1600,72,Ignatius,Klugman,iklugmangn@github.com,Male,00868 Susan Avenue,99.118.92.129,9:01 PM
1601,98,Morlee,Mardle,mmardlego@seesaa.net,Male,517 Old Gate Point,2.161.241.197,7:54 PM
1602,28,Dave,Emmins,demminsgp@springer.com,Male,2228 Londonderry Street,127.131.93.202,11:41 PM
1603,50,Jaquenette,Flipek,jflipekgq@ftc.gov,Female,57 Dennis Crossing,80.173.8.152,4:24 AM
1604,31,Stewart,Peabody,speabodygr@diigo.com,Male,15968 Ruskin Alley,211.44.13.177,7:08 AM
1605,57,Alexis,Andriessen,aandriessengs@cyberchimps.com,Female,4285 Vermont Point,224.53.18.112,4:55 AM
1606,57,Christyna,Pawlata,cpawlatagt@mediafire.com,Female,9 Melvin Parkway,36.1.90.70,5:49 AM
1607,39,Shelia,Perkins,sperkinsgu@mapquest.com,Female,6108 Park Meadow Terrace,185.243.232.29,9:14 PM
1608,72,Thalia,MacAllester,tmacallestergv@themeforest.net,Female,88206 Helena Circle,115.214.244.67,2:57 PM
1609,3,Carlen,Mulchrone,cmulchronegw@wunderground.com,Female,12342 Granby Junction,161.74.64.246,3:53 AM
1610,73,Bernadina,Himsworth,bhimsworthgx@cdc.gov,Female,145 Cardinal Hill,12.253.31.87,8:27 AM
1611,33,Dominic,Goldstone,dgoldstonegy@webeden.co.uk,Male,63 Clemons Hill,251.212.250.94,12:59 PM
1612,77,Olva,Odde,ooddegz@bigcartel.com,Female,083 Mockingbird Drive,61.161.191.38,7:29 PM
1613,88,Radcliffe,Epsley,repsleyh0@ucla.edu,Male,77 Porter Parkway,224.183.70.104,11:26 AM
1614,25,Sig,Sparway,ssparwayh1@dion.ne.jp,Male,24 Buell Park,118.141.59.168,7:29 PM
1615,90,Vachel,Docker,vdockerh2@google.com.au,Male,2707 Twin Pines Point,240.151.237.56,10:58 PM
1616,49,Gabe,Grevatt,ggrevatth3@ucoz.ru,Male,223 Hollow Ridge Place,254.19.64.84,3:51 PM
1617,16,Davina,Madders,dmaddersh4@usnews.com,Female,2 Ruskin Place,115.12.138.225,10:21 AM
1618,68,Mattias,Speeding,mspeedingh5@mediafire.com,Male,1 Artisan Court,70.140.189.10,7:16 AM
1619,65,Jecho,Barette,jbaretteh6@dion.ne.jp,Male,827 Sloan Plaza,43.234.212.231,11:03 AM
1620,18,Jody,Claybourn,jclaybournh7@hao123.com,Male,0534 Arkansas Hill,2.167.249.214,4:22 PM
1621,49,Cullie,Matteuzzi,cmatteuzzih8@latimes.com,Male,4 Maywood Road,107.150.135.21,9:51 AM
1622,49,Augusto,Flemyng,aflemyngh9@umich.edu,Male,8 2nd Lane,23.181.174.251,6:21 PM
1623,41,Tris,Doran,tdoranha@samsung.com,Male,729 Division Hill,93.9.247.28,8:33 PM
1624,100,Delano,Punt,dpunthb@harvard.edu,Male,4 Dovetail Street,99.55.209.107,1:10 PM
1625,26,Vida,Cordelet,vcordelethc@free.fr,Female,1441 Grover Alley,21.255.75.50,10:00 AM
1626,33,Arvin,Standing,astandinghd@unesco.org,Male,8 Maywood Park,112.6.1.203,2:54 PM
1627,14,Boy,Sambells,bsambellshe@zimbio.com,Male,0770 Dennis Park,153.23.45.125,9:02 AM
1628,20,Jacintha,Hesbrook,jhesbrookhf@icio.us,Female,4514 Hovde Point,223.86.34.108,10:43 AM
1629,65,Gregoire,Heinsen,gheinsenhg@123-reg.co.uk,Male,49873 Kingsford Place,143.187.73.195,12:08 AM
1630,91,Isadora,Batter,ibatterhh@ning.com,Female,08 Randy Trail,47.219.74.187,7:37 AM
1631,65,Park,Rapo,prapohi@yahoo.com,Male,8354 Maple Point,237.230.57.89,2:48 PM
1632,89,Paddie,Gipps,pgippshj@slideshare.net,Male,35 Hoepker Court,218.148.144.18,9:05 AM
1633,5,Siward,Thatcher,sthatcherhk@barnesandnoble.com,Male,2 Longview Court,85.202.232.40,4:50 AM
1634,84,Antoinette,McGooch,amcgoochhl@earthlink.net,Female,8 Eastwood Street,46.179.5.127,3:22 PM
1635,51,Nicoli,Paulou,npaulouhm@usa.gov,Female,27 North Junction,154.62.143.208,5:55 PM
1636,25,Cal,Hugli,chuglihn@sciencedirect.com,Female,1392 Sycamore Point,133.240.80.188,6:42 AM
1637,69,Pippo,Wraight,pwraightho@google.com.au,Male,29 Nancy Pass,95.26.203.219,11:32 AM
1638,22,Ruthanne,Arlet,rarlethp@multiply.com,Female,22186 Dixon Road,98.158.143.232,12:16 PM
1639,68,Fayina,Stoop,fstoophq@delicious.com,Female,6 Harbort Road,40.149.12.50,7:44 PM
1640,1,Moll,Pearlman,mpearlmanhr@google.de,Female,6116 Morning Hill,229.229.58.16,8:34 AM
1641,48,Casie,Coopey,ccoopeyhs@opensource.org,Female,28 Hayes Road,139.176.237.250,3:37 AM
1642,78,Peyter,Cuddihy,pcuddihyht@ucoz.com,Male,17572 Walton Lane,79.8.170.186,11:49 AM
1643,14,Patrizio,Treacy,ptreacyhu@nifty.com,Male,8113 Luster Hill,36.56.50.217,3:58 PM
1644,2,Ahmed,Aidler,aaidlerhv@cdbaby.com,Male,692 Butterfield Hill,45.155.16.181,9:26 PM
1645,82,Thornton,Fairfoul,tfairfoulhw@scribd.com,Male,028 Artisan Park,25.148.126.42,10:14 PM
1646,14,Phylys,McIlmorow,pmcilmorowhx@google.com.br,Female,6464 New Castle Parkway,188.153.123.217,5:16 AM
1647,15,Jarib,Szymonwicz,jszymonwiczhy@123-reg.co.uk,Male,42 Carberry Point,26.99.150.27,4:17 PM
1648,63,Norbie,Piccard,npiccardhz@ucoz.com,Male,106 Lillian Court,95.31.133.17,10:29 PM
1649,26,Lammond,Gianinotti,lgianinottii0@apple.com,Male,0484 Commercial Trail,61.199.86.80,10:30 AM
1650,5,Ibrahim,Mannion,imannioni1@instagram.com,Male,0 Vera Pass,34.164.207.14,6:27 AM
1651,17,Yankee,Ollivier,yollivieri2@taobao.com,Male,8011 Novick Way,109.13.218.22,7:29 AM
1652,9,Mureil,Lamberts,mlambertsi3@instagram.com,Female,39410 Sundown Place,188.144.118.23,8:30 AM
1653,63,Waverley,Andrioli,wandriolii4@independent.co.uk,Male,2 Claremont Crossing,110.21.106.6,1:56 AM
1654,66,Stan,Yellowlees,syellowleesi5@slideshare.net,Male,9582 Pankratz Plaza,83.90.16.186,4:38 AM
1655,93,Lind,Blunsden,lblunsdeni6@mtv.com,Female,54558 Boyd Drive,68.191.137.103,8:35 PM
1656,19,Cherianne,Radnage,cradnagei7@dailymail.co.uk,Female,8218 Cottonwood Pass,209.1.198.59,12:58 AM
1657,42,Tedda,Sutterby,tsutterbyi8@arstechnica.com,Female,5668 Holy Cross Road,77.32.30.182,12:50 AM
1658,5,Donal,Dumbreck,ddumbrecki9@tiny.cc,Male,1 Kim Junction,88.164.221.74,6:52 AM
1659,63,Stevie,Birrell,sbirrellia@baidu.com,Male,2 Stoughton Center,222.217.41.228,5:33 AM
1660,19,Porty,Frantsev,pfrantsevib@rambler.ru,Male,2120 Mockingbird Alley,20.124.130.22,11:57 PM
1661,91,Marcia,Clew,mclewic@plala.or.jp,Female,50643 Mosinee Drive,217.97.250.96,9:11 AM
1662,30,Hebert,Branton,hbrantonid@cyberchimps.com,Male,5 Duke Road,43.64.157.237,8:09 AM
1663,46,Paxon,Flude,pfludeie@pagesperso-orange.fr,Male,0540 Ilene Alley,216.228.205.132,8:43 PM
1664,8,Tomas,Bedwell,tbedwellif@globo.com,Male,782 Carberry Alley,157.83.129.60,3:18 AM
1665,32,Crista,Mowson,cmowsonig@mlb.com,Female,9 Northfield Plaza,132.22.250.56,4:41 AM
1666,44,Muffin,Wafer,mwaferih@tinyurl.com,Male,5576 Shopko Point,116.29.80.31,2:08 AM
1667,11,Lorrin,Kitchinghan,lkitchinghanii@apple.com,Female,077 Northfield Terrace,111.120.181.225,4:27 AM
1668,16,Dulci,Mannock,dmannockij@yellowbook.com,Female,0215 Sutherland Street,46.8.173.225,11:23 AM
1669,64,Cordi,Nisen,cnisenik@opera.com,Female,83181 Nova Pass,231.227.75.130,3:55 AM
1670,60,Phip,Kann,pkannil@oracle.com,Male,064 Brickson Park Point,141.107.27.91,4:43 AM
1671,33,Wynn,O'Curneen,wocurneenim@nydailynews.com,Female,06 Granby Point,43.216.228.174,2:05 AM
1672,74,Ervin,Toft,etoftin@blogger.com,Male,67 Arizona Circle,117.1.68.211,12:40 PM
1673,61,Mallory,Pettus,mpettusio@phoca.cz,Female,88 Gateway Road,82.67.70.222,6:19 PM
1674,55,Alisander,Tomasutti,atomasuttiip@deliciousdays.com,Male,0 Kensington Street,67.122.141.141,1:29 PM
1675,47,Hagan,Sendall,hsendalliq@opensource.org,Male,4 Crowley Street,243.23.140.225,7:53 PM
1676,57,Farrell,Hawgood,fhawgoodir@woothemes.com,Male,829 Quincy Terrace,99.158.226.167,3:03 AM
1677,39,Leoline,Whyard,lwhyardis@java.com,Female,1918 Corry Avenue,231.4.151.27,12:34 AM
1678,14,Tiphani,Ucchino,tucchinoit@goo.ne.jp,Female,5 Village Green Drive,86.28.72.108,8:03 AM
1679,59,Amye,Egalton,aegaltoniu@hhs.gov,Female,51 Elmside Court,219.242.112.163,6:41 AM
1680,96,Roze,Decent,rdecentiv@microsoft.com,Female,5 Summerview Terrace,80.108.144.76,8:38 AM
1681,82,Ravid,Hitzke,rhitzkeiw@census.gov,Male,60 Village Green Court,162.36.43.175,12:40 PM
1682,34,Herculie,Sterman,hstermanix@psu.edu,Male,3483 Hagan Junction,197.41.249.59,6:35 AM
1683,77,Tillie,Cantera,tcanteraiy@lulu.com,Female,30 Barby Pass,9.11.206.53,8:54 AM
1684,22,Waldo,Mealand,wmealandiz@yandex.ru,Male,3 Spenser Alley,253.18.210.83,10:34 PM
1685,44,Alida,Killshaw,akillshawj0@samsung.com,Female,2 Thierer Crossing,112.68.50.148,10:05 PM
1686,54,Tamqrah,Banbrick,tbanbrickj1@google.com.au,Female,9289 Continental Road,185.194.143.174,4:33 AM
1687,45,Ariana,Headon,aheadonj2@craigslist.org,Female,622 Myrtle Junction,154.134.101.129,4:34 PM
1688,92,Hamil,Ygoe,hygoej3@pen.io,Male,4 Eastlawn Way,145.156.62.58,3:52 AM
1689,45,Zita,Gaber,zgaberj4@bbb.org,Female,06028 Morning Junction,172.9.215.240,4:42 AM
1690,78,Roby,Bremen,rbremenj5@feedburner.com,Female,944 Rutledge Junction,21.217.51.134,8:08 AM
1691,94,Fina,Merida,fmeridaj6@networksolutions.com,Female,9448 Granby Drive,127.185.163.13,8:35 PM
1692,64,Nedda,Tesyro,ntesyroj7@chicagotribune.com,Female,9766 Vernon Terrace,216.171.12.228,10:17 PM
1693,39,Bar,Gooderidge,bgooderidgej8@ucoz.ru,Male,46 Bluestem Pass,170.119.107.122,4:38 PM
1694,54,Neila,Pele,npelej9@storify.com,Female,58541 Everett Avenue,90.91.100.136,2:20 AM
1695,99,Auberon,Minister,aministerja@addtoany.com,Male,06 Kensington Drive,54.78.47.201,6:14 AM
1696,64,Llewellyn,McCarney,lmccarneyjb@npr.org,Male,6 Coleman Circle,148.41.205.113,3:19 PM
1697,87,Christie,Bearward,cbearwardjc@printfriendly.com,Male,0 Mayer Street,174.56.176.160,1:05 PM
1698,61,Renaud,Meader,rmeaderjd@economist.com,Male,96807 Thierer Trail,200.37.113.112,1:18 AM
1699,7,Karlis,Steggles,kstegglesje@shutterfly.com,Male,488 Nelson Alley,12.13.168.197,8:07 PM
1700,26,Hendrick,Bowser,hbowserjf@technorati.com,Male,3790 Quincy Lane,253.166.114.153,6:35 AM
1701,21,Markos,Yeulet,myeuletjg@fema.gov,Male,08059 Canary Lane,55.101.217.53,4:08 PM
1702,32,Jemmy,Spivey,jspiveyjh@godaddy.com,Female,607 Maywood Lane,120.37.102.29,10:24 PM
1703,86,Phedra,Dossit,pdossitji@msn.com,Female,0306 Lerdahl Parkway,76.16.218.123,12:21 PM
1704,26,Romeo,Chsteney,rchsteneyjj@columbia.edu,Male,2 Novick Lane,41.120.129.218,7:31 AM
1705,80,Pearce,Kitcatt,pkitcattjk@example.com,Male,7 Mesta Trail,143.180.162.250,1:17 PM
1706,52,Bond,Purselowe,bpurselowejl@tuttocitta.it,Male,77 Petterle Way,144.160.159.78,3:55 PM
1707,89,Maggie,Gherarducci,mgherarduccijm@archive.org,Female,05136 Quincy Pass,198.0.226.47,7:26 AM
1708,74,Knox,Pettitt,kpettittjn@goodreads.com,Male,964 Oxford Court,176.224.240.42,11:22 PM
1709,11,Denni,Mackiewicz,dmackiewiczjo@csmonitor.com,Female,7 Starling Parkway,232.223.213.29,12:12 PM
1710,20,Xylia,Cotilard,xcotilardjp@typepad.com,Female,2 Summit Street,63.246.186.174,8:40 PM
1711,74,Enrika,Cullivan,ecullivanjq@de.vu,Female,68376 Alpine Alley,250.123.151.35,11:21 AM
1712,7,Tori,Munden,tmundenjr@msu.edu,Female,36 Manufacturers Pass,81.211.130.153,8:30 PM
1713,90,Trey,Ingolotti,tingolottijs@indiegogo.com,Male,458 Blackbird Place,134.203.19.139,1:37 PM
1714,32,Hart,Aikman,haikmanjt@biglobe.ne.jp,Male,2727 Buena Vista Crossing,124.156.214.238,10:12 AM
1715,87,Maximilian,Maureen,mmaureenju@omniture.com,Male,047 Clyde Gallagher Court,29.138.1.225,8:32 PM
1716,42,Mariellen,Borgne,mborgnejv@altervista.org,Female,4 Hoffman Parkway,196.48.181.57,7:21 AM
1717,30,Keslie,Korbmaker,kkorbmakerjw@utexas.edu,Female,41 Harbort Street,6.152.149.2,10:46 AM
1718,46,Evan,Veness,evenessjx@hibu.com,Male,4913 Tomscot Hill,72.33.107.17,8:55 AM
1719,19,Merrily,McClenaghan,mmcclenaghanjy@1und1.de,Female,4 Tomscot Center,84.195.31.148,7:42 AM
1720,54,Jay,Lavin,jlavinjz@tinyurl.com,Male,73 Donald Lane,26.195.88.119,3:13 PM
1721,48,Avigdor,Riddiough,ariddioughk0@mac.com,Male,383 Annamark Hill,31.14.2.65,9:48 PM
1722,50,Venita,Pitcaithley,vpitcaithleyk1@sun.com,Female,79771 Maryland Point,147.235.238.191,9:35 PM
1723,16,Bendicty,Pearde,bpeardek2@chron.com,Male,9079 Hollow Ridge Parkway,251.41.222.75,9:19 PM
1724,52,Carey,Bohlin,cbohlink3@apple.com,Female,1446 Toban Pass,9.72.167.166,6:55 AM
1725,33,Carin,Garwill,cgarwillk4@foxnews.com,Female,45 Quincy Hill,137.151.116.98,1:36 PM
1726,94,Eadith,Rylance,erylancek5@cornell.edu,Female,122 Kipling Street,159.7.239.22,1:12 AM
1727,29,Faunie,De Paepe,fdepaepek6@foxnews.com,Female,52349 Grayhawk Center,221.98.13.1,4:06 AM
1728,3,Niel,Duesberry,nduesberryk7@sina.com.cn,Male,91166 Golf View Drive,216.195.253.107,8:03 PM
1729,25,Lilian,Haylands,lhaylandsk8@imageshack.us,Female,70940 Goodland Plaza,220.170.123.61,3:49 PM
1730,65,Charlot,Sibbe,csibbek9@webeden.co.uk,Female,26 Amoth Court,229.26.157.244,8:37 AM
1731,65,Pru,Weson,pwesonka@addtoany.com,Female,0455 Ridge Oak Point,177.37.65.243,5:21 AM
1732,25,Amanda,Strotone,astrotonekb@discovery.com,Female,76557 Union Road,206.168.47.51,1:24 AM
1733,92,Ara,Worwood,aworwoodkc@cbsnews.com,Male,53278 Dakota Crossing,231.159.80.225,12:20 AM
1734,25,Jake,Ramsbottom,jramsbottomkd@cocolog-nifty.com,Male,9 Caliangt Center,240.184.174.177,6:29 PM
1735,75,Meade,Doncom,mdoncomke@tuttocitta.it,Female,8 Dahle Park,0.234.108.100,1:52 AM
1736,51,Milissent,Harridge,mharridgekf@aboutads.info,Female,15336 Jana Terrace,157.60.251.136,7:25 AM
1737,50,Mathilda,Bellam,mbellamkg@yahoo.com,Female,1 Waywood Circle,79.224.129.100,2:34 AM
1738,54,Jenine,Sargint,jsargintkh@clickbank.net,Female,735 Longview Way,234.29.94.3,8:31 AM
1739,59,Abram,Simonnin,asimonninki@prlog.org,Male,1146 Maryland Pass,253.69.44.77,3:24 AM
1740,36,Josefina,Dreus,jdreuskj@pcworld.com,Female,1 Magdeline Lane,171.235.43.201,9:21 PM
1741,72,Brande,Eastham,beasthamkk@constantcontact.com,Female,15 Butternut Pass,181.205.115.18,2:29 PM
1742,49,Lorine,Albutt,lalbuttkl@economist.com,Female,201 Kennedy Point,106.62.21.9,7:13 PM
1743,4,May,Ventom,mventomkm@pinterest.com,Female,2 Eagan Pass,183.7.113.103,11:08 PM
1744,31,Eben,Birden,ebirdenkn@wp.com,Male,41 South Point,217.104.211.229,3:25 PM
1745,75,Kaitlyn,Collinwood,kcollinwoodko@jalbum.net,Female,80068 Manitowish Drive,65.88.41.123,12:23 PM
1746,58,Redd,Bessent,rbessentkp@npr.org,Male,01 Jenna Circle,59.153.184.254,7:35 PM
1747,27,Dolly,Stewartson,dstewartsonkq@twitter.com,Female,8542 Walton Center,223.212.78.76,7:00 AM
1748,29,Rosette,Gellan,rgellankr@unc.edu,Female,62 Graceland Way,205.138.225.3,4:47 AM
1749,23,Gene,Gollop,ggollopks@about.com,Male,98005 South Drive,186.208.1.230,4:20 AM
1750,7,Nolana,Acreman,nacremankt@omniture.com,Female,9 Badeau Road,232.237.160.38,8:17 AM
1751,61,Braden,Halstead,bhalsteadku@intel.com,Male,9414 Fordem Place,244.59.32.218,9:26 PM
1752,6,Abigale,Dufore,aduforekv@narod.ru,Female,56535 Elmside Park,125.89.237.156,10:55 AM
1753,25,Shannon,Deegan,sdeegankw@sbwire.com,Female,0588 Forster Drive,164.236.21.62,1:59 AM
1754,21,Corey,Bunney,cbunneykx@blinklist.com,Female,2957 Nobel Place,182.77.202.224,11:58 AM
1755,99,Lorene,Albrook,lalbrookky@facebook.com,Female,89182 Nevada Road,130.222.139.2,1:23 PM
1756,50,Lauri,Jefferson,ljeffersonkz@weebly.com,Female,377 Arizona Center,251.56.170.141,3:12 AM
1757,59,Wat,Braikenridge,wbraikenridgel0@chronoengine.com,Male,05477 Victoria Pass,228.153.184.211,2:17 AM
1758,5,Minny,Whyatt,mwhyattl1@tamu.edu,Female,7 Debra Circle,180.73.147.246,11:07 AM
1759,84,Drucill,Haire,dhairel2@mail.ru,Female,97961 Meadow Ridge Park,116.67.155.149,9:56 PM
1760,18,Tammara,Bulstrode,tbulstrodel3@ask.com,Female,142 Kings Way,81.126.119.224,11:54 PM
1761,87,Andros,Valdes,avaldesl4@about.me,Male,9 Prairieview Road,63.95.34.164,10:47 PM
1762,29,Charin,Tomenson,ctomensonl5@theguardian.com,Female,54849 Westport Way,33.228.31.172,8:31 AM
1763,71,Jessee,Ortega,jortegal6@ocn.ne.jp,Male,5 Mcguire Parkway,75.74.189.102,3:19 AM
1764,80,Corby,Roston,crostonl7@xinhuanet.com,Male,37 Clove Terrace,234.123.59.16,6:16 PM
1765,92,Dominik,Ruppert,druppertl8@mapy.cz,Male,7 Northwestern Road,105.53.150.74,11:49 AM
1766,84,Chery,McWaters,cmcwatersl9@ning.com,Female,49 Lakewood Way,5.175.94.190,10:36 PM
1767,75,Eileen,Sellors,esellorsla@auda.org.au,Female,5 Drewry Hill,34.139.254.204,6:20 AM
1768,2,Robert,Guesford,rguesfordlb@quantcast.com,Male,87909 Bowman Junction,237.174.122.255,2:53 AM
1769,92,Sydel,Chasson,schassonlc@angelfire.com,Female,270 Scofield Crossing,30.212.119.62,12:49 AM
1770,20,Fred,Headly,fheadlyld@liveinternet.ru,Female,60251 Walton Hill,152.16.34.9,10:38 PM
1771,29,Amanda,Silman,asilmanle@dropbox.com,Female,96652 Bluejay Terrace,114.14.172.134,6:15 PM
1772,53,Ignatius,Keaveny,ikeavenylf@privacy.gov.au,Male,36719 Rowland Crossing,160.13.153.203,10:03 PM
1773,2,Cleve,Shakle,cshaklelg@moonfruit.com,Male,904 Ludington Circle,60.214.68.94,10:07 AM
1774,72,Brandy,Najara,bnajaralh@google.nl,Female,6 Declaration Hill,252.30.115.46,6:24 AM
1775,81,Miquela,McGraw,mmcgrawli@google.fr,Female,8336 Bunker Hill Drive,93.126.173.53,1:00 PM
1776,50,Goran,Pippin,gpippinlj@netlog.com,Male,45199 Oakridge Road,35.238.215.12,12:05 PM
1777,58,Adelheid,Heighton,aheightonlk@123-reg.co.uk,Female,824 Alpine Court,181.122.221.186,7:03 PM
1778,89,Micky,Parsell,mparsellll@ft.com,Male,22944 Knutson Drive,10.176.127.23,10:05 AM
1779,56,Kylie,Joris,kjorislm@simplemachines.org,Male,80414 Ruskin Terrace,250.53.211.168,6:03 PM
1780,36,Van,Gosson,vgossonln@pen.io,Male,1 Comanche Street,91.54.17.139,9:50 AM
1781,74,Tarrance,Suthren,tsuthrenlo@go.com,Male,05 Mifflin Parkway,137.35.28.158,2:09 AM
1782,10,Austin,Verrall,averralllp@howstuffworks.com,Male,10435 Bellgrove Hill,179.160.42.54,12:45 PM
1783,48,Horacio,Congrave,hcongravelq@statcounter.com,Male,8548 Algoma Lane,191.240.85.211,6:18 PM
1784,12,Yasmin,Bowmen,ybowmenlr@friendfeed.com,Female,84597 Michigan Road,36.68.170.240,10:02 PM
1785,24,Scottie,Verzey,sverzeyls@ow.ly,Male,97496 Browning Drive,10.160.148.117,5:45 AM
1786,53,Lee,Whyke,lwhykelt@bbb.org,Female,377 Del Sol Point,13.213.50.96,12:05 AM
1787,41,Lydia,Bilofsky,lbilofskylu@telegraph.co.uk,Female,65954 Corscot Circle,213.116.136.48,6:47 PM
1788,97,Bili,Edmed,bedmedlv@reverbnation.com,Female,823 Crest Line Court,166.87.126.255,5:14 PM
1789,46,Paolina,Snasdell,psnasdelllw@lulu.com,Female,4 Hallows Trail,21.122.133.234,12:16 PM
1790,93,Mason,Rainton,mraintonlx@ucoz.ru,Male,5276 Logan Pass,36.245.47.77,11:24 AM
1791,87,Gino,Firsby,gfirsbyly@jimdo.com,Male,87 Old Gate Center,104.225.71.84,1:20 PM
1792,96,Pammie,Jancik,pjanciklz@weibo.com,Female,14357 Randy Junction,122.141.221.96,9:50 PM
1793,93,Jaquenette,Mendonca,jmendoncam0@mysql.com,Female,832 East Pass,90.182.230.234,12:16 AM
1794,34,Nicolle,Kaine,nkainem1@un.org,Female,75212 Monica Parkway,236.169.239.115,6:51 AM
1795,39,Leonerd,Horlick,lhorlickm2@bbb.org,Male,6 Haas Trail,102.165.61.31,5:43 AM
1796,18,Andrej,Fancourt,afancourtm3@opera.com,Male,4 Bellgrove Junction,145.67.83.125,7:36 AM
1797,71,Barbee,Viste,bvistem4@chicagotribune.com,Female,0 Bowman Center,239.95.149.165,10:26 PM
1798,93,Waylan,Vashchenko,wvashchenkom5@odnoklassniki.ru,Male,59082 Columbus Center,131.115.179.196,12:04 PM
1799,91,Bobby,Parchment,bparchmentm6@last.fm,Male,3291 Glacier Hill Plaza,197.196.159.30,7:39 AM
1800,94,Ricki,Westmancoat,rwestmancoatm7@psu.edu,Male,0422 Forest Crossing,150.217.50.49,4:00 PM
1801,90,Roxi,Kenton,rkentonm8@indiatimes.com,Female,0124 Evergreen Circle,81.219.15.146,1:34 AM
1802,66,Seamus,Paternoster,spaternosterm9@psu.edu,Male,3939 Corscot Junction,104.230.63.246,7:55 PM
1803,39,Cristian,Dunkerton,cdunkertonma@digg.com,Male,4629 Arrowood Plaza,21.207.3.79,8:32 AM
1804,2,Kev,Colomb,kcolombmb@loc.gov,Male,7 Crownhardt Alley,71.89.113.132,12:49 AM
1805,86,Maryjo,Hatcher,mhatchermc@theglobeandmail.com,Female,51 Anhalt Road,128.69.36.18,12:47 AM
1806,72,Salomi,Brolly,sbrollymd@diigo.com,Female,36400 Aberg Place,90.186.162.145,7:17 AM
1807,24,Marsh,Gather,mgatherme@ow.ly,Male,5687 Dennis Point,3.156.209.187,7:50 AM
1808,66,Loralie,Mattys,lmattysmf@weather.com,Female,529 Hallows Trail,241.218.57.48,5:06 AM
1809,61,Raviv,Adnam,radnammg@netlog.com,Male,9 Namekagon Drive,158.65.164.103,9:01 AM
1810,69,Marta,Rummer,mrummermh@twitter.com,Female,0080 Mayfield Park,102.33.17.76,12:33 PM
1811,59,Gypsy,McGrayle,gmcgraylemi@amazon.de,Female,05829 Donald Court,239.76.181.127,4:33 PM
1812,45,Francine,Hens,fhensmj@cornell.edu,Female,139 Schlimgen Point,61.32.189.108,7:12 PM
1813,70,Dorie,Inskipp,dinskippmk@mlb.com,Female,686 Esch Plaza,49.8.75.145,5:43 PM
1814,90,Lilllie,Bernaert,lbernaertml@columbia.edu,Female,135 Harper Way,10.138.205.149,9:01 PM
1815,70,Adeline,Trehearne,atrehearnemm@prnewswire.com,Female,3039 Boyd Point,20.117.220.214,7:08 PM
1816,14,Lorrin,Sheppey,lsheppeymn@webnode.com,Female,1 Mandrake Court,122.84.247.32,9:34 AM
1817,3,Corbie,Ucceli,cuccelimo@gizmodo.com,Male,983 Westerfield Drive,39.40.48.6,12:04 AM
1818,65,Martie,McGooch,mmcgoochmp@barnesandnoble.com,Female,9 Lighthouse Bay Junction,149.58.149.112,10:39 AM
1819,18,Del,Vosse,dvossemq@europa.eu,Female,79904 Claremont Street,176.8.46.87,12:15 AM
1820,59,Ezri,O'Keefe,eokeefemr@privacy.gov.au,Male,0 Lien Terrace,241.141.57.11,11:05 AM
1821,67,Teresina,Greystock,tgreystockms@ed.gov,Female,7711 Donald Terrace,85.194.246.211,3:17 PM
1822,72,Katey,Yakovlev,kyakovlevmt@ucla.edu,Female,824 Independence Drive,181.20.2.78,2:03 AM
1823,4,Tedie,Larkworthy,tlarkworthymu@nymag.com,Male,183 Steensland Lane,76.231.142.215,6:02 AM
1824,53,Gill,Ralls,grallsmv@usgs.gov,Female,07744 Harbort Parkway,228.214.2.131,1:48 AM
1825,22,Modestine,Cudby,mcudbymw@bbb.org,Female,79 Trailsway Hill,201.171.84.66,7:42 PM
1826,44,Kyla,Hume,khumemx@domainmarket.com,Female,5 Rusk Drive,174.25.255.46,5:43 PM
1827,91,Marillin,Di Giacomettino,mdigiacomettinomy@fc2.com,Female,780 Meadow Ridge Avenue,158.216.180.148,5:09 AM
1828,1,Kendell,Glyne,kglynemz@theglobeandmail.com,Male,27716 Anzinger Road,151.125.38.116,3:53 PM
1829,91,Sheena,Lere,sleren0@usatoday.com,Female,8 Holmberg Alley,120.173.238.169,6:38 AM
1830,24,Katharine,Polfer,kpolfern1@nydailynews.com,Female,1 Carioca Terrace,89.243.91.192,3:53 PM
1831,81,Eduino,Peter,epetern2@webnode.com,Male,67019 Bunting Hill,202.145.30.54,7:22 AM
1832,22,Leese,Minster,lminstern3@a8.net,Female,1 Laurel Park,9.104.197.196,10:09 PM
1833,48,Javier,Clere,jcleren4@msu.edu,Male,98447 Talisman Junction,106.249.154.108,5:04 AM
1834,27,Farrel,Wallage,fwallagen5@ft.com,Male,762 Burning Wood Terrace,18.115.81.74,9:35 AM
1835,55,Fraze,Crocetti,fcrocettin6@tmall.com,Male,357 Sunbrook Drive,32.184.86.117,2:50 PM
1836,40,Eb,Charrette,echarretten7@posterous.com,Male,9373 Division Plaza,32.181.103.219,12:02 PM
1837,16,Crista,Filer,cfilern8@examiner.com,Female,1344 Tony Circle,49.30.193.15,9:05 AM
1838,22,Caprice,Crankhorn,ccrankhornn9@lulu.com,Female,8427 Main Lane,206.1.39.10,3:21 PM
1839,57,William,de Grey,wdegreyna@ca.gov,Male,14557 Oriole Alley,219.164.70.132,12:44 AM
1840,56,Frederick,Shipcott,fshipcottnb@stanford.edu,Male,526 Paget Way,251.38.63.56,4:24 PM
1841,83,Sibylle,Leete,sleetenc@wordpress.com,Female,71432 Basil Point,186.60.34.78,10:37 PM
1842,49,Glyn,Engley,gengleynd@japanpost.jp,Male,4 Evergreen Road,168.197.122.85,8:48 PM
1843,80,Vyky,Taylo,vtaylone@gmpg.org,Female,2 Monterey Pass,123.15.206.213,9:04 PM
1844,47,Jamey,MacCleay,jmaccleaynf@omniture.com,Male,56276 Main Drive,168.203.80.106,12:40 PM
1845,3,Quinton,Beaudry,qbeaudryng@phpbb.com,Male,0 Beilfuss Hill,48.246.101.106,2:47 AM
1846,74,Josey,Caruth,jcaruthnh@newsvine.com,Female,2130 Hintze Center,161.123.117.200,2:54 PM
1847,49,Blythe,Coppins,bcoppinsni@adobe.com,Female,39 Nelson Street,48.96.16.71,5:34 AM
1848,78,Nathalia,Geggus,ngeggusnj@businessinsider.com,Female,98 Redwing Trail,183.190.72.65,7:00 AM
1849,69,Garik,Worner,gwornernk@addthis.com,Male,49927 Dryden Avenue,8.200.58.29,10:00 PM
1850,45,Katharyn,Clissett,kclissettnl@icq.com,Female,50653 Stang Alley,172.227.235.206,1:06 PM
1851,82,Lorant,Gras,lgrasnm@dot.gov,Male,2 Huxley Drive,236.48.123.77,11:17 PM
1852,65,Doralyn,Ivakhnov,divakhnovnn@rediff.com,Female,8704 Dennis Crossing,131.79.154.161,1:20 PM
1853,69,Conan,Saiz,csaizno@goodreads.com,Male,0 Hanson Trail,30.219.236.179,9:43 PM
1854,43,Bran,McVitty,bmcvittynp@twitter.com,Male,51558 Pleasure Avenue,213.2.90.118,10:50 PM
1855,75,Bail,Kelsow,bkelsownq@fema.gov,Male,74 Quincy Hill,39.250.151.204,11:13 PM
1856,35,Raffaello,Chadburn,rchadburnnr@virginia.edu,Male,5247 Lillian Junction,107.56.52.81,11:10 AM
1857,65,Stacee,Pindell,spindellns@cocolog-nifty.com,Male,90550 Tennessee Terrace,60.199.119.158,11:48 AM
1858,38,Perice,Kaufman,pkaufmannt@webnode.com,Male,8 John Wall Street,20.169.213.135,3:41 PM
1859,3,Shaun,Schulke,sschulkenu@youku.com,Male,0164 Warbler Street,201.168.204.7,7:49 AM
1860,87,Ray,Quemby,rquembynv@symantec.com,Male,8 Ohio Pass,130.181.248.164,10:32 PM
1861,19,Doralin,Patience,dpatiencenw@uol.com.br,Female,925 Upham Point,171.64.4.90,4:14 AM
1862,9,Petr,Iaduccelli,piaduccellinx@sogou.com,Male,3 Eggendart Circle,19.237.102.9,12:43 PM
1863,46,Rafaelita,Blizard,rblizardny@washington.edu,Female,20524 Blackbird Parkway,64.236.149.39,9:54 PM
1864,16,Rochette,Toffetto,rtoffettonz@nasa.gov,Female,4396 Sutteridge Circle,25.180.3.59,3:57 PM
1865,24,Serge,Snasel,ssnaselo0@adobe.com,Male,51519 Summer Ridge Lane,31.232.106.203,8:11 PM
1866,12,Esteban,Newlove,enewloveo1@spotify.com,Male,7623 Londonderry Alley,189.128.123.105,12:59 AM
1867,19,Renaldo,Sandcraft,rsandcrafto2@craigslist.org,Male,8262 Tomscot Avenue,89.141.19.67,11:41 PM
1868,72,Huey,Aliman,halimano3@shinystat.com,Male,22223 Algoma Center,218.147.238.221,7:46 AM
1869,83,Alasdair,Brafield,abrafieldo4@walmart.com,Male,8096 Oakridge Trail,46.70.228.219,1:51 PM
1870,99,Hildagard,Awde,hawdeo5@europa.eu,Female,5 North Court,210.94.62.195,5:12 AM
1871,74,Forster,Pluthero,fplutheroo6@seattletimes.com,Male,49 Tennessee Park,88.3.208.88,1:49 AM
1872,77,Marve,Kenneway,mkennewayo7@topsy.com,Male,509 Namekagon Point,107.241.248.90,6:56 PM
1873,88,Alida,Dutnell,adutnello8@umn.edu,Female,4602 Macpherson Place,241.82.6.197,9:32 AM
1874,66,Rufe,Domingues,rdomingueso9@patch.com,Male,698 Mcbride Lane,82.21.127.78,2:00 PM
1875,18,Danie,Lathwell,dlathwelloa@nydailynews.com,Male,301 Roxbury Street,189.22.79.48,12:39 PM
1876,63,Brandy,Crayton,bcraytonob@skyrock.com,Male,1751 Northwestern Avenue,37.164.70.96,1:48 AM
1877,99,Celie,Tooze,ctoozeoc@miitbeian.gov.cn,Female,6175 American Circle,37.138.155.7,7:15 AM
1878,27,Alexander,Heaselgrave,aheaselgraveod@globo.com,Male,542 Prairieview Park,212.111.244.53,4:59 AM
1879,70,Parnell,Botham,pbothamoe@psu.edu,Male,84 7th Trail,75.159.191.84,2:52 AM
1880,91,Leilah,Warbrick,lwarbrickof@163.com,Female,624 Graceland Street,132.26.173.226,1:59 PM
1881,3,Cordy,Casina,ccasinaog@paypal.com,Male,829 Carpenter Point,170.231.105.51,5:39 PM
1882,36,Duky,Ambrogiotti,dambrogiottioh@pinterest.com,Male,29331 Carey Point,14.216.179.80,5:14 AM
1883,97,Brice,Turnpenny,bturnpennyoi@nps.gov,Male,194 Springs Hill,161.13.124.50,1:39 PM
1884,63,Pattie,Le land,plelandoj@pcworld.com,Male,84039 Sundown Trail,177.128.128.181,3:13 AM
1885,99,Kristan,Porter,kporterok@cocolog-nifty.com,Female,2 Kenwood Drive,50.182.178.99,5:42 AM
1886,43,Cooper,Pomery,cpomeryol@typepad.com,Male,8431 Schlimgen Pass,255.79.86.51,5:48 PM
1887,18,Bartholemy,Whitfeld,bwhitfeldom@hc360.com,Male,564 Jay Lane,33.209.123.205,4:59 PM
1888,1,Israel,Diwell,idiwellon@joomla.org,Male,7 Bowman Drive,71.10.155.242,11:46 AM
1889,48,Windy,Bikker,wbikkeroo@umn.edu,Female,3685 Quincy Plaza,245.32.233.154,9:15 PM
1890,34,Buffy,Gimber,bgimberop@usatoday.com,Female,432 Mesta Drive,189.35.247.255,1:13 PM
1891,75,Aron,Killick,akillickoq@tripadvisor.com,Male,27739 Farragut Trail,230.191.61.139,8:05 AM
1892,40,Diannne,McAviy,dmcaviyor@businesswire.com,Female,2 Packers Place,58.220.117.159,5:52 AM
1893,73,Marchall,Beeswing,mbeeswingos@skype.com,Male,7180 Garrison Crossing,166.54.144.157,8:14 PM
1894,2,Adoree,Rudeforth,arudeforthot@tripadvisor.com,Female,912 Clarendon Court,50.141.84.123,7:16 AM
1895,44,Kevyn,Palphramand,kpalphramandou@salon.com,Female,417 Lindbergh Plaza,49.157.94.250,10:54 AM
1896,26,Alys,Glaze,aglazeov@cbsnews.com,Female,04113 Donald Parkway,17.109.151.52,8:06 PM
1897,42,Boonie,Keppie,bkeppieow@oakley.com,Male,6 Fieldstone Junction,64.203.89.26,10:07 AM
1898,86,Connor,Guilder,cguilderox@canalblog.com,Male,3 Delaware Hill,15.157.65.76,8:02 AM
1899,99,Josy,Sutch,jsutchoy@economist.com,Female,59 Mandrake Lane,37.229.224.85,3:51 AM
1900,28,Annamaria,Anthes,aanthesoz@state.gov,Female,02041 Pearson Terrace,132.39.96.184,2:11 AM
1901,2,Helene,Skitt,hskittp0@mozilla.org,Female,61997 Calypso Avenue,178.8.212.64,5:30 AM
1902,51,Hilario,Shemwell,hshemwellp1@google.nl,Male,008 Rieder Hill,97.117.252.38,11:36 AM
1903,98,Benji,Lashley,blashleyp2@about.me,Male,056 Toban Way,148.158.99.8,1:55 AM
1904,99,Goddard,Howsley,ghowsleyp3@soundcloud.com,Male,0210 Harbort Junction,165.241.53.222,8:07 AM
1905,42,Merwyn,Kiehne,mkiehnep4@google.it,Male,14 Aberg Center,210.38.71.243,1:47 AM
1906,79,May,Nouch,mnouchp5@woothemes.com,Female,6310 Tennyson Court,88.75.116.252,3:24 PM
1907,64,Bette,Drover,bdroverp6@issuu.com,Female,176 Brentwood Place,78.197.211.46,5:05 AM
1908,4,Larine,Bradnum,lbradnump7@zimbio.com,Female,8410 Erie Trail,77.203.4.219,8:04 PM
1909,87,Peggie,Kier,pkierp8@statcounter.com,Female,31018 Northview Drive,78.201.87.251,11:11 PM
1910,19,Bondon,Kyllford,bkyllfordp9@psu.edu,Male,12688 Kings Street,54.43.38.11,12:35 PM
1911,55,Rickie,Labbey,rlabbeypa@ucoz.ru,Female,09 Marcy Way,155.133.191.250,12:41 PM
1912,80,Zolly,Alvares,zalvarespb@360.cn,Male,2 Express Avenue,238.8.61.162,10:23 AM
1913,33,Joscelin,Aindriu,jaindriupc@xinhuanet.com,Female,3 Fremont Alley,64.252.23.206,2:55 PM
1914,60,Megen,McDarmid,mmcdarmidpd@msu.edu,Female,976 Dryden Place,86.85.170.93,6:55 AM
1915,41,Philbert,Bockman,pbockmanpe@va.gov,Male,21806 Clemons Terrace,127.244.142.74,1:08 AM
1916,18,West,Lindsey,wlindseypf@nydailynews.com,Male,85702 1st Road,123.20.221.92,6:28 PM
1917,4,Merill,Earwaker,mearwakerpg@vkontakte.ru,Male,7122 Kenwood Avenue,236.195.55.250,1:34 PM
1918,39,Danny,Prescot,dprescotph@edublogs.org,Male,51078 Coleman Circle,224.102.101.249,10:14 PM
1919,61,Hamid,Bullen,hbullenpi@myspace.com,Male,32 Melby Center,154.147.38.155,5:20 AM
1920,11,Win,McCarter,wmccarterpj@house.gov,Male,19 Fair Oaks Road,231.53.143.54,7:09 PM
1921,11,Mayer,Broggelli,mbroggellipk@pcworld.com,Male,19 Dovetail Avenue,249.141.65.17,12:42 AM
1922,89,Niki,Dewan,ndewanpl@smugmug.com,Female,366 Birchwood Terrace,66.202.40.38,1:30 AM
1923,45,Abagail,Capron,acapronpm@wikimedia.org,Female,47652 Stuart Terrace,66.166.107.66,1:11 AM
1924,90,Kerry,Hurch,khurchpn@acquirethisname.com,Female,268 Canary Place,29.216.44.125,6:43 PM
1925,92,Mike,Fort,mfortpo@who.int,Male,73869 Pine View Pass,192.159.50.155,2:47 AM
1926,68,Jordan,Keighley,jkeighleypp@archive.org,Male,68 Warrior Plaza,27.242.95.245,9:22 PM
1927,43,Annette,Trahair,atrahairpq@g.co,Female,852 Almo Hill,17.255.98.30,6:41 PM
1928,5,Thekla,Aistrop,taistroppr@xrea.com,Female,56899 Kinsman Road,28.119.24.75,12:02 AM
1929,30,Olav,Shiels,oshielsps@lycos.com,Male,6145 Mariners Cove Center,126.40.195.192,10:56 AM
1930,97,Mellisa,Giacubbo,mgiacubbopt@pbs.org,Female,6590 Continental Center,75.150.229.248,5:14 AM
1931,87,Delmor,Claricoates,dclaricoatespu@google.it,Male,39 Mayer Trail,125.128.211.101,11:39 AM
1932,77,Tammi,Syred,tsyredpv@wikia.com,Female,71246 Derek Terrace,106.101.214.41,3:28 AM
1933,96,Burton,Renard,brenardpw@mapy.cz,Male,792 Pawling Park,249.197.22.28,10:41 AM
1934,58,Cullin,MacWhirter,cmacwhirterpx@ihg.com,Male,348 Coleman Center,198.103.60.218,4:43 PM
1935,78,Elston,Widdowfield,ewiddowfieldpy@istockphoto.com,Male,34945 Cambridge Point,126.96.28.255,2:19 AM
1936,53,Clareta,Cosstick,ccosstickpz@4shared.com,Female,362 Tennessee Crossing,123.98.2.225,11:54 PM
1937,13,Way,Aicken,waickenq0@hostgator.com,Male,21889 Gerald Court,119.241.67.55,10:22 AM
1938,70,Cristine,Conibere,cconibereq1@sitemeter.com,Female,0518 Sunfield Lane,24.191.104.120,7:36 PM
1939,100,Gail,Tremollet,gtremolletq2@devhub.com,Male,4 Trailsway Way,173.181.33.104,6:46 AM
1940,39,Quintus,Zannolli,qzannolliq3@vimeo.com,Male,52 Transport Court,132.59.3.71,1:30 AM
1941,87,Odelinda,Sleigh,osleighq4@illinois.edu,Female,3561 Gateway Place,210.123.208.102,4:43 AM
1942,57,Vlad,Shearwood,vshearwoodq5@pcworld.com,Male,8193 Washington Center,180.56.116.0,11:48 AM
1943,56,Preston,Benech,pbenechq6@unc.edu,Male,13824 Forster Terrace,95.234.151.237,12:04 PM
1944,50,Kirstin,MacAdie,kmacadieq7@washington.edu,Female,1473 Village Green Place,135.230.12.148,12:51 PM
1945,61,Blanca,Bolding,bboldingq8@etsy.com,Female,08201 Melody Pass,62.119.251.64,7:37 AM
1946,88,Tybie,Rowesby,trowesbyq9@pbs.org,Female,24770 Larry Pass,68.101.177.135,8:43 PM
1947,88,Margy,Hartup,mhartupqa@sina.com.cn,Female,40 Fairfield Hill,249.89.108.20,5:15 PM
1948,75,Von,Frill,vfrillqb@multiply.com,Male,9 Tennessee Park,61.165.200.204,5:27 PM
1949,9,Fern,Timms,ftimmsqc@spiegel.de,Female,301 Grayhawk Crossing,104.158.5.6,1:03 AM
1950,59,Gustavus,Revett,grevettqd@nps.gov,Male,5022 Crownhardt Way,61.77.229.63,6:48 AM
1951,7,Hugues,Gilfillan,hgilfillanqe@elpais.com,Male,6 Anthes Point,83.72.45.44,9:05 AM
1952,2,Garvin,Root,grootqf@walmart.com,Male,12643 Thackeray Crossing,56.125.89.188,7:10 AM
1953,96,Donnie,Napthine,dnapthineqg@addthis.com,Female,59 Mitchell Street,27.88.23.241,6:03 AM
1954,69,Romeo,Denniston,rdennistonqh@nhs.uk,Male,7 Darwin Court,35.180.44.5,3:16 AM
1955,34,Bernie,Martinovic,bmartinovicqi@huffingtonpost.com,Male,8 Transport Point,162.32.247.188,3:24 PM
1956,77,Brion,Crasford,bcrasfordqj@gnu.org,Male,502 Kennedy Place,149.24.56.91,10:45 AM
1957,20,Alexei,Jeratt,ajerattqk@ibm.com,Male,54460 Scoville Place,243.175.155.227,1:06 PM
1958,87,Joell,Lygoe,jlygoeql@cornell.edu,Female,2238 Westridge Crossing,195.162.230.113,10:38 PM
1959,29,Stanislaus,Gornar,sgornarqm@cnet.com,Male,0456 Butternut Drive,218.205.112.78,12:52 AM
1960,41,Tomaso,Harcus,tharcusqn@techcrunch.com,Male,90346 Crest Line Avenue,96.109.82.129,3:21 AM
1961,89,Gladi,Brehat,gbrehatqo@fema.gov,Female,6194 Upham Alley,72.214.175.140,9:57 PM
1962,23,Brear,Maffezzoli,bmaffezzoliqp@ovh.net,Female,30 Westerfield Alley,167.103.164.189,8:52 AM
1963,80,Lurleen,Stobart,lstobartqq@reddit.com,Female,54856 Bluejay Street,163.70.185.248,8:31 AM
1964,45,Eugenio,Heis,eheisqr@purevolume.com,Male,4118 Glendale Road,204.103.157.141,7:27 PM
1965,13,Enrichetta,Trusty,etrustyqs@slideshare.net,Female,97176 Maryland Pass,58.138.203.148,10:59 AM
1966,89,Oran,Brockbank,obrockbankqt@intel.com,Male,4063 Pearson Place,249.13.131.206,8:40 AM
1967,27,Lauritz,Meekins,lmeekinsqu@wp.com,Male,28 Hauk Parkway,41.63.225.162,10:01 PM
1968,31,Rustin,John,rjohnqv@tinypic.com,Male,367 Maywood Parkway,253.53.51.113,4:55 PM
1969,70,Crista,Vile,cvileqw@google.com,Female,57533 Rockefeller Center,148.214.231.67,11:13 PM
1970,22,Sarene,Beeke,sbeekeqx@facebook.com,Female,50253 Warrior Plaza,235.211.50.59,12:58 PM
1971,29,Melonie,Stoodale,mstoodaleqy@disqus.com,Female,30275 Meadow Ridge Point,53.136.181.231,11:47 AM
1972,65,Ange,Bennet,abennetqz@vimeo.com,Female,13 Erie Pass,155.124.133.214,5:56 PM
1973,13,Kelsi,Winsome,kwinsomer0@youku.com,Female,44 Hagan Crossing,232.26.144.148,5:38 AM
1974,21,Delinda,Chelnam,dchelnamr1@mozilla.com,Female,5167 Sunnyside Crossing,33.153.52.36,10:03 PM
1975,51,Lethia,Romand,lromandr2@ox.ac.uk,Female,76966 Calypso Parkway,145.108.116.80,1:35 AM
1976,46,Dorelia,Dethloff,ddethloffr3@biblegateway.com,Female,3 Sheridan Hill,53.118.13.202,10:32 PM
1977,36,Emmanuel,Ferrieri,eferrierir4@illinois.edu,Male,794 Dottie Drive,186.160.146.224,1:12 PM
1978,77,Corbett,Compson,ccompsonr5@e-recht24.de,Male,783 Rieder Plaza,54.13.57.100,11:08 AM
1979,89,Krisha,Brahms,kbrahmsr6@comcast.net,Male,02800 Sachs Avenue,46.94.205.52,4:32 PM
1980,32,Curry,Manueau,cmanueaur7@shutterfly.com,Male,1915 Dahle Circle,92.12.211.129,10:22 PM
1981,28,Beaufort,Kirvell,bkirvellr8@goodreads.com,Male,963 Melrose Point,135.134.90.99,5:39 PM
1982,77,Jeniffer,Capstake,jcapstaker9@51.la,Female,8453 Sutherland Terrace,162.180.6.4,9:34 PM
1983,37,Cayla,Hans,chansra@wordpress.org,Female,528 Welch Plaza,128.212.213.192,10:52 PM
1984,56,Chan,Lansdown,clansdownrb@1688.com,Male,1526 Lighthouse Bay Court,1.36.226.59,6:13 AM
1985,52,Curran,Gorelli,cgorellirc@fda.gov,Male,5 Novick Street,129.223.175.69,11:38 AM
1986,83,Roberto,Yarn,ryarnrd@sfgate.com,Male,8541 Coolidge Terrace,53.44.236.100,3:15 AM
1987,50,Chase,Helin,chelinre@hibu.com,Male,9 Arrowood Pass,65.50.24.119,9:31 PM
1988,27,Henry,Weatherburn,hweatherburnrf@deliciousdays.com,Male,02 Kedzie Pass,119.86.253.41,11:37 AM
1989,52,Bernete,Twidell,btwidellrg@wisc.edu,Female,54 Roth Drive,10.254.110.218,12:12 PM
1990,65,Jock,Gibby,jgibbyrh@photobucket.com,Male,576 School Avenue,220.118.202.123,3:28 PM
1991,64,Louise,Ramshay,lramshayri@feedburner.com,Female,9 6th Lane,106.10.69.253,2:13 AM
1992,69,Iona,Slader,isladerrj@opensource.org,Female,459 Doe Crossing Circle,116.165.169.155,11:55 PM
1993,33,Adara,Danilevich,adanilevichrk@biglobe.ne.jp,Female,9430 American Ash Road,81.30.11.68,5:51 AM
1994,36,Kevan,Coverdale,kcoverdalerl@ovh.net,Male,9 Sunfield Park,80.57.53.227,1:25 AM
1995,93,Elke,Beldham,ebeldhamrm@slate.com,Female,064 Donald Road,102.141.3.136,11:06 PM
1996,90,Micah,Capaldo,mcapaldorn@hibu.com,Male,4186 Starling Plaza,228.236.10.44,12:35 AM
1997,74,Lewie,Raccio,lraccioro@reverbnation.com,Male,068 Stoughton Alley,67.114.64.216,1:01 AM
1998,31,Nobe,Featherstonhaugh,nfeatherstonhaughrp@cafepress.com,Male,6375 Green Ridge Court,82.183.199.244,5:16 PM
1999,52,Geoff,Mealing,gmealingrq@seesaa.net,Male,6064 Jana Plaza,82.85.134.81,3:02 AM
2000,18,Rebbecca,Shekle,rsheklerr@tinyurl.com,Female,39 Kim Alley,96.253.85.176,8:36 PM
